사원번호,성과점수,인사고과_2020,인사고과_2021,인사고과_2022,인사고과_2023,인사고과_2024,자격증,TOEIC점수,자격증수당여부,포상이력,징계이력,징계사유
EMP0001,62,,,,,C,,713.0,비해당,,,
EMP0002,72,,,,B,C,,711.0,비해당,공로상,,
EMP0003,90,A,A,A,B,A,,772.0,비해당,,정직,업무태만
EMP0004,76,B,C,D,C,B,리눅스마스터,,해당,,,
EMP0005,80,B,B,B,B,B,빅데이터분석기사,816.0,해당,,,
EMP0006,73,,,,,C,빅데이터분석기사,637.0,해당,,,
EMP0007,62,,,,,C,,987.0,비해당,,,
EMP0008,79,B,B,C,B,C,정보처리기사,613.0,해당,,,
EMP0009,68,,C,C,C,C,빅데이터분석기사,,해당,,,
EMP0010,73,,,B,C,D,SQLD,855.0,해당,MVP,,
EMP0011,74,,,,C,C,SQLD,778.0,해당,,,
EMP0012,70,,,B,C,C,정보처리기사,,해당,,,
EMP0013,71,C,C,C,B,C,컴퓨터활용능력1급,795.0,해당,MVP,,
EMP0014,72,,,,,B,SQLD,545.0,해당,,,
EMP0015,75,C,B,B,B,B,,765.0,비해당,,,
EMP0016,70,D,C,B,C,B,SQLD,761.0,해당,,,
EMP0017,76,,,,,,AWS Solutions Architect,630.0,해당,,,
EMP0018,77,,,,,,,,비해당,,,
EMP0019,68,,,,C,C,컴퓨터활용능력1급,,해당,,,
EMP0020,86,A,A,B,C,B,빅데이터분석기사,,해당,,,
EMP0021,72,,,,C,C,,651.0,비해당,,,
EMP0022,85,B,B,B,B,B,빅데이터분석기사,929.0,해당,,,
EMP0023,70,,,,,,,665.0,비해당,공로상,,
EMP0024,80,,,,B,B,컴퓨터활용능력1급,,해당,,감봉,업무태만
EMP0025,69,,,,,,,549.0,비해당,MVP,,
EMP0026,81,B,B,B,B,B,,930.0,비해당,,,
EMP0027,77,,,,,,,,비해당,우수사원상,,
EMP0028,90,A,A,A,A,S,정보보안기사,713.0,해당,,,
EMP0029,67,,,,,,,,비해당,,,
EMP0030,64,,,D,C,C,SQLD,672.0,해당,,,
EMP0031,77,,,,C,C,SQLD,614.0,해당,,,
EMP0032,66,,,,,,빅데이터분석기사,,해당,,,
EMP0033,79,D,B,C,B,B,,827.0,비해당,,,
EMP0034,70,C,C,C,C,D,ADsP,,해당,,,
EMP0035,72,,,,B,B,ADsP,697.0,해당,,,
EMP0036,80,B,C,B,B,B,,929.0,비해당,,,
EMP0037,79,,,,C,B,,527.0,비해당,,,
EMP0038,73,,,,,B,,801.0,비해당,,,
EMP0039,90,B,A,A,A,A,,,비해당,,,
EMP0040,71,,,,,,,880.0,비해당,,,
EMP0041,79,,B,B,B,B,,774.0,비해당,,,
EMP0042,70,,,C,C,C,,,비해당,,,
EMP0043,77,B,B,B,B,C,빅데이터분석기사,,해당,공로상,,
EMP0044,75,,,,,,,843.0,비해당,,,
EMP0045,74,B,B,C,B,B,,,비해당,,,
EMP0046,68,,,,,C,정보처리기사,832.0,해당,,,
EMP0047,83,B,B,B,B,A,AWS Solutions Architect,762.0,해당,공로상,,
EMP0048,61,,,,,D,,500.0,비해당,,,
EMP0049,72,,,B,C,D,ADsP,786.0,해당,,,
EMP0050,78,B,C,B,C,B,,517.0,비해당,,,
EMP0051,92,S,A,A,B,A,,,비해당,,,
EMP0052,79,B,C,D,C,C,SQLD,540.0,해당,,,
EMP0053,72,C,B,C,B,B,빅데이터분석기사,,해당,,,
EMP0054,77,,,B,C,C,,710.0,비해당,공로상,,
EMP0055,70,C,C,D,C,C,,,비해당,,,
EMP0056,70,C,C,C,C,C,,827.0,비해당,,,
EMP0057,77,C,B,B,B,D,,,비해당,,,
EMP0058,74,,,,,,ADsP,958.0,해당,,,
EMP0059,78,B,B,B,C,B,,545.0,비해당,,,
EMP0060,62,,,,,D,,,비해당,,,
EMP0061,78,C,B,B,B,B,정보처리기사,880.0,해당,,,
EMP0062,77,B,B,B,B,B,정보보안기사,666.0,해당,,,
EMP0063,80,,,,C,A,ADsP,,해당,,,
EMP0064,80,A,A,B,B,B,빅데이터분석기사,896.0,해당,,,
EMP0065,74,,C,C,C,B,컴퓨터활용능력1급,855.0,해당,,,
EMP0066,76,,,,,,컴퓨터활용능력1급,701.0,해당,,정직,복무규정위반
EMP0067,77,,,B,B,B,,965.0,비해당,,,
EMP0068,66,,,,,,정보처리기사,507.0,해당,,,
EMP0069,82,C,B,C,C,B,,585.0,비해당,,,
EMP0070,80,B,A,A,A,C,정보처리기사,658.0,해당,,,
EMP0071,89,A,A,A,A,A,SQLD,713.0,해당,,,
EMP0072,82,B,B,C,B,A,,,비해당,,,
EMP0073,91,A,A,A,S,B,,,비해당,팀워크상,,
EMP0074,76,,,,,B,ADsP,,해당,,,
EMP0075,61,,,,,,컴퓨터활용능력1급,587.0,해당,팀워크상,,
EMP0076,78,,,B,C,B,정보처리기사,557.0,해당,,,
EMP0077,80,A,B,B,B,B,,549.0,비해당,,,
EMP0078,80,B,A,B,A,B,컴퓨터활용능력1급,,해당,,,
EMP0079,86,B,B,B,B,B,빅데이터분석기사,,해당,,,
EMP0080,62,,,,,,ADsP,793.0,해당,팀워크상,,
EMP0081,88,A,S,B,A,S,SQLD,737.0,해당,,,
EMP0082,87,A,A,B,B,B,SQLD,,해당,,,
EMP0083,76,B,C,B,B,D,빅데이터분석기사,829.0,해당,MVP,,
EMP0084,66,,,,C,B,ADsP,,해당,,,
EMP0085,84,B,B,B,B,B,AWS Solutions Architect,509.0,해당,,,
EMP0086,77,B,B,B,B,C,,,비해당,,감봉,지각반복
EMP0087,90,A,S,A,A,B,AWS Solutions Architect,,해당,팀워크상,,
EMP0088,84,A,B,B,B,A,컴퓨터활용능력1급,565.0,해당,우수사원상,,
EMP0089,75,B,C,B,B,B,정보처리기사,,해당,,,
EMP0090,66,,,,C,C,빅데이터분석기사,816.0,해당,팀워크상,,
EMP0091,84,B,A,A,B,B,,947.0,비해당,,,
EMP0092,75,C,B,B,C,C,,589.0,비해당,,,
EMP0093,82,B,B,B,A,A,,,비해당,,,
EMP0094,73,,,,,,,,비해당,,,
EMP0095,71,B,D,C,D,B,ADsP,840.0,해당,,,
EMP0096,77,,,,,,,946.0,비해당,,,
EMP0097,77,B,B,B,C,B,SQLD,890.0,해당,,,
EMP0098,76,,,,,,빅데이터분석기사,763.0,해당,,,
EMP0099,89,S,A,A,S,B,AWS Solutions Architect,601.0,해당,,,
EMP0100,61,,,,,,ADsP,633.0,해당,,,
EMP0101,75,B,B,C,B,C,정보처리기사,687.0,해당,,,
EMP0102,70,,,C,B,C,,,비해당,,,
EMP0103,85,A,A,B,B,A,,,비해당,,,
EMP0104,79,,B,B,B,B,,869.0,비해당,,경고,복무규정위반
EMP0105,69,,,,C,B,,866.0,비해당,,,
EMP0106,72,,,B,B,B,정보보안기사,514.0,해당,,,
EMP0107,81,B,B,B,B,B,빅데이터분석기사,,해당,,,
EMP0108,82,B,B,B,B,B,,976.0,비해당,,,
EMP0109,66,,,,,,,,비해당,,,
EMP0110,76,B,B,B,C,B,SQLD,,해당,,,
EMP0111,81,,,B,B,B,정보보안기사,750.0,해당,,,
EMP0112,75,C,B,B,C,B,,,비해당,MVP,,
EMP0113,89,A,S,A,A,A,,513.0,비해당,,,
EMP0114,75,B,B,B,B,B,,716.0,비해당,,,
EMP0115,82,B,B,B,B,A,AWS Solutions Architect,,해당,MVP,,
EMP0116,74,,,,,,,585.0,비해당,,,
EMP0117,69,,D,C,C,C,,535.0,비해당,팀워크상,,
EMP0118,63,,,,D,D,정보처리기사,,해당,,,
EMP0119,83,B,B,B,B,B,ADsP,846.0,해당,,,
EMP0120,63,,,,,,,979.0,비해당,,,
EMP0121,77,,,,,B,,,비해당,,,
EMP0122,84,B,B,B,A,B,,666.0,비해당,,,
EMP0123,60,,,,C,C,,586.0,비해당,,,
EMP0124,80,,,,A,B,,,비해당,MVP,경고,업무태만
EMP0125,96,S,S,S,S,S,리눅스마스터,920.0,해당,,,
EMP0126,87,A,B,C,C,A,정보처리기사,,해당,,,
EMP0127,71,,,,C,C,,552.0,비해당,,,
EMP0128,72,,,B,C,C,,574.0,비해당,팀워크상,,
EMP0129,92,A,A,S,A,A,정보처리기사,537.0,해당,,,
EMP0130,64,,,,,D,,,비해당,,정직,업무태만
EMP0131,69,,C,C,C,D,,543.0,비해당,우수사원상,,
EMP0132,69,,,,,B,,,비해당,,,
EMP0133,83,B,B,C,B,B,,714.0,비해당,,,
EMP0134,74,C,B,D,C,B,빅데이터분석기사,556.0,해당,MVP,,
EMP0135,85,A,B,B,B,B,,,비해당,,,
EMP0136,68,,,,,,,736.0,비해당,공로상,,
EMP0137,78,C,B,C,C,B,정보처리기사,598.0,해당,,,
EMP0138,64,,,,,,,628.0,비해당,,,
EMP0139,82,A,B,B,B,B,,,비해당,,정직,복무규정위반
EMP0140,64,,,,,,정보보안기사,585.0,해당,,,
EMP0141,85,B,C,C,B,B,AWS Solutions Architect,723.0,해당,,,
EMP0142,76,B,B,B,B,B,빅데이터분석기사,,해당,,,
EMP0143,91,A,A,S,A,A,SQLD,636.0,해당,,정직,지각반복
EMP0144,83,,,,B,C,,684.0,비해당,,,
EMP0145,84,B,B,B,B,C,,631.0,비해당,,,
EMP0146,77,,,,B,B,ADsP,917.0,해당,,,
EMP0147,78,C,C,C,B,C,리눅스마스터,,해당,,,
EMP0148,60,,,,,D,SQLD,,해당,,,
EMP0149,81,A,B,B,B,A,,806.0,비해당,,감봉,복무규정위반
EMP0150,80,,,,B,B,,683.0,비해당,,,
EMP0151,83,B,A,B,B,B,리눅스마스터,553.0,해당,,,
EMP0152,88,A,B,A,S,A,빅데이터분석기사,867.0,해당,,,
EMP0153,81,A,B,B,B,C,,,비해당,,,
EMP0154,76,B,B,B,B,B,정보보안기사,593.0,해당,,,
EMP0155,64,,,,,,,,비해당,,,
EMP0156,88,A,S,A,S,B,정보보안기사,,해당,,,
EMP0157,63,,,,,,,598.0,비해당,,,
EMP0158,82,B,B,B,B,A,리눅스마스터,637.0,해당,,,
EMP0159,74,,,,B,B,컴퓨터활용능력1급,,해당,,,
EMP0160,60,,,,,,정보처리기사,,해당,,경고,지각반복
EMP0161,78,,,,B,B,SQLD,556.0,해당,,,
EMP0162,73,,,B,C,B,,665.0,비해당,,,
EMP0163,64,,,,,,,,비해당,,,
EMP0164,73,,,,C,B,ADsP,924.0,해당,,,
EMP0165,78,B,C,D,B,B,정보처리기사,543.0,해당,,,
EMP0166,72,B,B,B,B,B,,756.0,비해당,,,
EMP0167,74,,,C,D,B,AWS Solutions Architect,762.0,해당,,,
EMP0168,71,,,,C,C,AWS Solutions Architect,,해당,공로상,,
EMP0169,78,,,B,C,C,,957.0,비해당,,,
EMP0170,84,B,A,C,B,A,정보보안기사,777.0,해당,,,
EMP0171,68,,,,,,,,비해당,,감봉,지각반복
EMP0172,74,B,C,B,C,D,,,비해당,,,
EMP0173,73,,,,,,,551.0,비해당,,경고,복무규정위반
EMP0174,81,B,B,A,B,B,,914.0,비해당,,,
EMP0175,77,,,,B,C,정보보안기사,663.0,해당,,,
EMP0176,79,,,B,B,C,정보처리기사,548.0,해당,,,
EMP0177,74,,,,,,,,비해당,,,
EMP0178,84,C,A,B,B,B,,899.0,비해당,,,
EMP0179,62,,,,,,,,비해당,,,
EMP0180,78,B,B,C,B,B,,,비해당,,,
EMP0181,88,S,A,A,B,A,리눅스마스터,,해당,,,
EMP0182,85,B,B,B,C,B,정보보안기사,,해당,팀워크상,,
EMP0183,82,,,,B,B,,,비해당,,,
EMP0184,84,B,B,B,B,B,,604.0,비해당,,,
EMP0185,63,,,,,,,761.0,비해당,,,
EMP0186,75,,,,,,,901.0,비해당,,,
EMP0187,69,,,,,,ADsP,826.0,해당,,,
EMP0188,79,B,B,B,B,C,리눅스마스터,776.0,해당,,,
EMP0189,81,A,A,B,B,C,,782.0,비해당,,,
EMP0190,78,B,D,C,B,B,,868.0,비해당,,,
EMP0191,60,,,,,D,정보보안기사,,해당,,경고,업무태만
EMP0192,82,B,A,C,B,B,,,비해당,,,
EMP0193,77,,,,C,B,정보보안기사,932.0,해당,,,
EMP0194,90,A,B,A,A,A,,,비해당,MVP,,
EMP0195,78,,,,,,,741.0,비해당,,,
EMP0196,71,C,B,C,B,B,,,비해당,우수사원상,,
EMP0197,82,,,A,B,B,,,비해당,,,
EMP0198,83,B,B,B,B,B,,618.0,비해당,,,
EMP0199,84,B,B,B,B,A,,,비해당,우수사원상,,
EMP0200,67,,,,,C,,651.0,비해당,우수사원상,,
EMP0201,83,C,C,B,B,B,,,비해당,팀워크상,,
EMP0202,85,B,B,B,B,A,컴퓨터활용능력1급,,해당,MVP,정직,업무태만
EMP0203,80,,,B,B,B,SQLD,586.0,해당,,,
EMP0204,78,B,D,B,B,C,,820.0,비해당,,,
EMP0205,82,B,B,C,B,C,AWS Solutions Architect,825.0,해당,,,
EMP0206,77,,B,B,B,B,,958.0,비해당,,,
EMP0207,60,,,,,,,684.0,비해당,,감봉,복무규정위반
EMP0208,82,C,B,A,A,B,,,비해당,,,
EMP0209,88,B,S,B,A,A,,,비해당,,,
EMP0210,74,,,B,B,B,정보보안기사,,해당,,,
EMP0211,73,,,,,,,705.0,비해당,,,
EMP0212,63,,,,,,,,비해당,,,
EMP0213,90,A,A,A,A,A,,990.0,비해당,,,
EMP0214,61,,,,D,D,컴퓨터활용능력1급,916.0,해당,,,
EMP0215,70,,,,C,C,,,비해당,,감봉,복무규정위반
EMP0216,81,B,A,B,B,B,정보보안기사,615.0,해당,팀워크상,,
EMP0217,72,,,,,D,ADsP,,해당,,,
EMP0218,70,C,C,D,C,C,빅데이터분석기사,,해당,,,
EMP0219,81,,,B,A,B,SQLD,516.0,해당,,,
EMP0220,76,C,B,B,C,B,,,비해당,,,
EMP0221,83,,B,B,B,B,AWS Solutions Architect,,해당,,,
EMP0222,68,,,B,C,C,,,비해당,,,
EMP0223,68,,,,,,,953.0,비해당,,,
EMP0224,83,,C,B,A,B,,898.0,비해당,공로상,,
EMP0225,79,B,B,B,B,B,AWS Solutions Architect,,해당,,정직,지각반복
EMP0226,66,,,,,,,896.0,비해당,,,
EMP0227,91,A,A,S,S,B,빅데이터분석기사,,해당,,,
EMP0228,90,A,A,S,A,A,,834.0,비해당,,,
EMP0229,74,B,B,B,B,B,빅데이터분석기사,563.0,해당,공로상,,
EMP0230,61,,,,,,AWS Solutions Architect,,해당,,정직,지각반복
EMP0231,74,,,,,C,,507.0,비해당,,,
EMP0232,80,B,B,B,A,B,,,비해당,MVP,,
EMP0233,71,,,,B,C,정보처리기사,,해당,공로상,,
EMP0234,85,B,A,B,B,A,정보보안기사,980.0,해당,,,
EMP0235,68,,,,,C,SQLD,,해당,,,
EMP0236,79,B,B,B,B,B,ADsP,928.0,해당,,,
EMP0237,80,A,B,B,B,B,,857.0,비해당,,,
EMP0238,80,A,B,A,B,B,,703.0,비해당,,,
EMP0239,75,,,B,C,B,컴퓨터활용능력1급,,해당,,,
EMP0240,85,C,A,A,C,B,컴퓨터활용능력1급,985.0,해당,,정직,복무규정위반
EMP0241,75,,,C,B,B,,675.0,비해당,,,
EMP0242,74,,,,,,,956.0,비해당,,,
EMP0243,88,S,B,A,B,A,,766.0,비해당,팀워크상,,
EMP0244,61,,,,,,,,비해당,,,
EMP0245,60,,,,,,정보처리기사,711.0,해당,,,
EMP0246,85,C,B,B,B,B,,890.0,비해당,,,
EMP0247,71,,C,C,C,C,SQLD,773.0,해당,공로상,,
EMP0248,64,,,,,,정보처리기사,653.0,해당,MVP,,
EMP0249,66,,,,,,정보보안기사,580.0,해당,,,
EMP0250,90,A,S,A,B,A,AWS Solutions Architect,551.0,해당,,,
EMP0251,83,B,B,B,A,B,,,비해당,,,
EMP0252,89,B,A,A,A,A,정보보안기사,677.0,해당,,,
EMP0253,83,,,,B,B,리눅스마스터,867.0,해당,팀워크상,,
EMP0254,84,B,B,A,B,A,,532.0,비해당,,,
EMP0255,71,,D,D,C,C,AWS Solutions Architect,507.0,해당,,,
EMP0256,71,,,,B,C,컴퓨터활용능력1급,,해당,,,
EMP0257,69,,C,D,B,D,컴퓨터활용능력1급,699.0,해당,,,
EMP0258,78,B,C,B,C,C,,820.0,비해당,,,
EMP0259,75,C,B,B,C,B,,886.0,비해당,,,
EMP0260,71,,,,,,리눅스마스터,606.0,해당,,,
EMP0261,91,A,B,A,A,B,,,비해당,,,
EMP0262,78,C,B,B,B,B,정보보안기사,713.0,해당,,,
EMP0263,90,A,A,A,B,A,컴퓨터활용능력1급,,해당,,,
EMP0264,85,A,B,C,B,B,정보처리기사,970.0,해당,,,
EMP0265,81,A,B,B,B,B,,573.0,비해당,,,
EMP0266,69,B,C,C,C,D,,800.0,비해당,,,
EMP0267,71,C,C,D,C,B,,731.0,비해당,,,
EMP0268,68,C,B,B,C,B,SQLD,985.0,해당,,,
EMP0269,88,A,B,B,A,A,,609.0,비해당,MVP,,
EMP0270,61,,,,D,C,,895.0,비해당,우수사원상,,
EMP0271,93,S,A,B,S,A,리눅스마스터,,해당,,,
EMP0272,81,B,C,B,B,B,,636.0,비해당,MVP,,
EMP0273,75,,,,B,B,정보처리기사,,해당,팀워크상,,
EMP0274,79,,,C,B,C,,860.0,비해당,MVP,,
EMP0275,76,,B,B,B,B,리눅스마스터,968.0,해당,,,
EMP0276,85,B,B,A,B,B,AWS Solutions Architect,,해당,,정직,지각반복
EMP0277,97,S,S,S,S,S,ADsP,518.0,해당,,,
EMP0278,87,B,B,A,B,B,정보보안기사,697.0,해당,,,
EMP0279,95,A,S,S,S,S,,883.0,비해당,,,
EMP0280,70,,,C,B,C,정보보안기사,,해당,,,
EMP0281,79,C,B,C,C,B,,,비해당,MVP,,
EMP0282,78,C,C,C,C,B,SQLD,957.0,해당,,,
EMP0283,85,A,A,B,B,B,,,비해당,,,
EMP0284,84,A,C,A,A,B,정보보안기사,,해당,,,
EMP0285,91,B,A,A,B,S,SQLD,949.0,해당,,,
EMP0286,70,,,,C,B,빅데이터분석기사,668.0,해당,,,
EMP0287,83,B,A,A,B,A,SQLD,698.0,해당,,,
EMP0288,76,,,,,,정보보안기사,928.0,해당,팀워크상,,
EMP0289,76,B,B,B,B,B,,,비해당,,,
EMP0290,93,S,A,B,A,B,ADsP,914.0,해당,,,
EMP0291,92,A,B,A,A,A,ADsP,558.0,해당,,,
EMP0292,61,,,,,,ADsP,,해당,,,
EMP0293,78,B,C,B,C,B,정보보안기사,853.0,해당,팀워크상,,
EMP0294,61,,,,,,,720.0,비해당,,경고,지각반복
EMP0295,68,,,,,,,,비해당,,,
EMP0296,65,,,,,,,503.0,비해당,,경고,업무태만
EMP0297,86,B,B,B,B,B,,,비해당,MVP,,
EMP0298,76,B,C,C,C,B,정보처리기사,,해당,,,
EMP0299,79,B,C,B,C,B,정보처리기사,501.0,해당,,,
EMP0300,86,A,B,B,B,B,정보처리기사,524.0,해당,,,
EMP0301,79,B,C,B,B,C,,736.0,비해당,,,
EMP0302,88,S,A,A,A,A,리눅스마스터,891.0,해당,,,
EMP0303,72,,,,B,B,정보처리기사,594.0,해당,,경고,업무태만
EMP0304,69,B,C,D,B,D,,622.0,비해당,,,
EMP0305,84,B,B,B,B,B,정보보안기사,918.0,해당,,,
EMP0306,78,,,,,,ADsP,,해당,,,
EMP0307,74,,B,B,C,C,,703.0,비해당,,,
EMP0308,90,S,S,A,A,B,빅데이터분석기사,,해당,,,
EMP0309,79,C,B,C,B,B,SQLD,528.0,해당,,,
EMP0310,66,,,,,C,,,비해당,팀워크상,정직,업무태만
EMP0311,82,B,B,B,B,B,,,비해당,,,
EMP0312,76,,,,,B,,,비해당,,,
EMP0313,84,B,B,B,C,A,,553.0,비해당,,,
EMP0314,86,B,B,C,A,B,,914.0,비해당,,정직,복무규정위반
EMP0315,88,A,B,B,A,A,,,비해당,,,
EMP0316,100,S,S,S,S,S,,,비해당,,,
EMP0317,83,A,A,B,B,A,,,비해당,,,
EMP0318,69,C,C,C,D,C,SQLD,681.0,해당,,,
EMP0319,63,,,D,D,D,,,비해당,,,
EMP0320,88,A,B,A,A,B,ADsP,,해당,,,
EMP0321,70,,,,,C,,861.0,비해당,MVP,,
EMP0322,78,,,B,B,C,,814.0,비해당,,,
EMP0323,75,B,B,B,B,B,ADsP,,해당,,,
EMP0324,77,B,B,C,C,B,리눅스마스터,,해당,,,
EMP0325,72,,,B,B,D,,,비해당,MVP,,
EMP0326,80,,,,B,B,,766.0,비해당,팀워크상,,
EMP0327,88,A,S,A,A,B,,538.0,비해당,,,
EMP0328,81,A,B,B,B,B,,893.0,비해당,,,
EMP0329,66,,,,,,AWS Solutions Architect,944.0,해당,,,
EMP0330,79,B,C,B,B,C,ADsP,,해당,,,
EMP0331,73,B,B,B,C,B,,,비해당,,경고,업무태만
EMP0332,68,,,C,C,C,,648.0,비해당,,,
EMP0333,72,,,,B,B,,917.0,비해당,,,
EMP0334,85,B,B,A,B,B,,,비해당,,,
EMP0335,75,C,B,B,B,B,컴퓨터활용능력1급,727.0,해당,팀워크상,,
EMP0336,82,B,C,B,B,B,ADsP,,해당,,,
EMP0337,76,B,B,C,C,B,,705.0,비해당,,,
EMP0338,79,B,B,C,B,B,정보보안기사,975.0,해당,,,
EMP0339,73,,,,,B,,710.0,비해당,MVP,,
EMP0340,84,C,B,C,B,B,,,비해당,,,
EMP0341,72,B,B,B,B,B,AWS Solutions Architect,,해당,,,
EMP0342,84,A,B,B,A,A,정보보안기사,739.0,해당,,,
EMP0343,97,A,S,S,S,S,,865.0,비해당,,정직,지각반복
EMP0344,81,B,C,B,B,B,,,비해당,,,
EMP0345,87,C,A,A,A,B,ADsP,971.0,해당,,,
EMP0346,70,,,,,,,,비해당,우수사원상,,
EMP0347,78,,B,C,C,B,,,비해당,,,
EMP0348,74,B,C,B,B,C,ADsP,,해당,,,
EMP0349,65,,,,,,,811.0,비해당,,,
EMP0350,69,,D,C,D,C,ADsP,,해당,,,
EMP0351,88,A,B,A,S,A,,918.0,비해당,,,
EMP0352,73,B,B,B,D,C,SQLD,670.0,해당,팀워크상,,
EMP0353,79,B,B,B,C,C,정보처리기사,527.0,해당,,,
EMP0354,90,A,B,B,A,A,,512.0,비해당,,,
EMP0355,69,,,,,,,,비해당,,,
EMP0356,81,B,B,A,B,B,빅데이터분석기사,,해당,,,
EMP0357,91,A,B,A,A,A,,,비해당,공로상,,
EMP0358,65,,,,,,,,비해당,,,
EMP0359,63,,,,,,정보보안기사,781.0,해당,팀워크상,,
EMP0360,80,B,A,B,B,B,컴퓨터활용능력1급,642.0,해당,,,
EMP0361,83,B,B,B,A,A,,682.0,비해당,,,
EMP0362,79,B,C,C,B,B,정보처리기사,858.0,해당,,,
EMP0363,84,B,C,B,B,B,정보처리기사,752.0,해당,,,
EMP0364,79,B,B,B,B,C,,864.0,비해당,,,
EMP0365,65,,,,,,리눅스마스터,945.0,해당,,,
EMP0366,94,A,A,A,A,A,AWS Solutions Architect,917.0,해당,,,
EMP0367,83,B,B,B,C,A,AWS Solutions Architect,595.0,해당,,,
EMP0368,69,,,C,C,C,,858.0,비해당,,,
EMP0369,76,,,,B,B,,,비해당,,,
EMP0370,88,A,A,A,A,A,ADsP,,해당,,,
EMP0371,82,B,A,A,B,B,SQLD,868.0,해당,,,
EMP0372,65,,,,,,,,비해당,,,
EMP0373,84,B,B,B,C,A,AWS Solutions Architect,535.0,해당,,감봉,복무규정위반
EMP0374,83,B,A,B,C,A,AWS Solutions Architect,,해당,,,
EMP0375,83,C,A,B,A,C,컴퓨터활용능력1급,,해당,,,
EMP0376,64,,,,,,컴퓨터활용능력1급,,해당,,,
EMP0377,70,,,,,,리눅스마스터,,해당,,,
EMP0378,69,,D,C,C,B,,,비해당,팀워크상,,
EMP0379,73,,,,,,정보처리기사,612.0,해당,,,
EMP0380,88,A,A,A,A,A,,,비해당,우수사원상,,
EMP0381,69,C,D,B,B,C,리눅스마스터,893.0,해당,,,
EMP0382,93,A,B,A,A,A,빅데이터분석기사,,해당,,,
EMP0383,86,C,A,A,B,C,,662.0,비해당,,,
EMP0384,66,,,C,C,D,,693.0,비해당,팀워크상,,
EMP0385,76,,,,,,,,비해당,MVP,,
EMP0386,90,A,A,A,A,A,,,비해당,,,
EMP0387,74,,,,,,빅데이터분석기사,,해당,,,
EMP0388,70,,,C,C,C,,776.0,비해당,,,
EMP0389,72,,,,,,,,비해당,,,
EMP0390,68,,,,C,C,,848.0,비해당,,,
EMP0391,87,B,B,B,B,B,AWS Solutions Architect,926.0,해당,,,
EMP0392,84,B,A,B,B,B,ADsP,,해당,,,
EMP0393,85,A,A,A,B,B,정보처리기사,610.0,해당,,,
EMP0394,79,C,B,B,B,C,컴퓨터활용능력1급,779.0,해당,,,
EMP0395,78,B,C,B,B,C,ADsP,797.0,해당,,,
EMP0396,78,,,,,,리눅스마스터,,해당,,,
EMP0397,62,,,C,D,C,정보처리기사,619.0,해당,,,
EMP0398,91,A,B,A,A,A,리눅스마스터,,해당,,,
EMP0399,87,A,B,B,B,B,정보처리기사,575.0,해당,,,
EMP0400,76,,,,,,컴퓨터활용능력1급,950.0,해당,공로상,,
EMP0401,76,,,,,,SQLD,648.0,해당,,,
EMP0402,71,,C,C,C,C,,609.0,비해당,공로상,,
EMP0403,80,A,B,B,B,A,,636.0,비해당,,감봉,업무태만
EMP0404,75,B,B,B,B,B,컴퓨터활용능력1급,,해당,,,
EMP0405,86,B,A,B,B,B,빅데이터분석기사,590.0,해당,,,
EMP0406,81,A,B,B,B,B,정보보안기사,549.0,해당,,,
EMP0407,78,B,C,B,C,B,,656.0,비해당,,,
EMP0408,89,A,B,A,B,A,,,비해당,공로상,,
EMP0409,91,S,A,B,B,A,빅데이터분석기사,525.0,해당,,,
EMP0410,76,,,,,,,,비해당,,,
EMP0411,90,S,A,A,B,B,,560.0,비해당,,,
EMP0412,88,A,A,A,A,S,,,비해당,,,
EMP0413,91,B,B,A,A,B,,,비해당,,정직,복무규정위반
EMP0414,87,C,B,B,C,B,컴퓨터활용능력1급,,해당,,,
EMP0415,76,B,B,B,B,B,,539.0,비해당,,,
EMP0416,87,A,B,B,A,B,컴퓨터활용능력1급,588.0,해당,MVP,,
EMP0417,79,C,C,B,B,B,정보보안기사,836.0,해당,,,
EMP0418,61,,,,,,,822.0,비해당,,,
EMP0419,81,C,B,B,A,A,AWS Solutions Architect,603.0,해당,,,
EMP0420,83,,,,B,B,,,비해당,,,
EMP0421,72,,,,,,SQLD,,해당,,,
EMP0422,79,C,B,B,C,B,,,비해당,,,
EMP0423,69,,,,,D,정보보안기사,616.0,해당,,,
EMP0424,76,,B,B,B,D,빅데이터분석기사,,해당,,,
EMP0425,89,A,A,A,A,A,SQLD,941.0,해당,팀워크상,,
EMP0426,76,B,D,C,B,C,AWS Solutions Architect,,해당,,,
EMP0427,79,B,B,B,C,B,,,비해당,MVP,,
EMP0428,75,,,,,,ADsP,,해당,,,
EMP0429,94,A,S,S,A,B,,530.0,비해당,공로상,,
EMP0430,68,,,,D,C,ADsP,538.0,해당,,,
EMP0431,61,,,,D,C,정보처리기사,581.0,해당,,,
EMP0432,88,B,A,S,B,A,,,비해당,,,
EMP0433,71,,,,C,B,AWS Solutions Architect,,해당,,,
EMP0434,65,,,,C,C,,,비해당,,,
EMP0435,68,,,C,C,D,,,비해당,,,
EMP0436,61,,,,D,D,,939.0,비해당,,,
EMP0437,90,A,B,A,A,A,,683.0,비해당,,,
EMP0438,61,,,,,,,733.0,비해당,,,
EMP0439,94,A,B,A,S,B,리눅스마스터,885.0,해당,,경고,지각반복
EMP0440,77,B,B,B,B,B,,746.0,비해당,,감봉,업무태만
EMP0441,60,,,,C,D,정보보안기사,,해당,,,
EMP0442,71,C,D,C,C,C,컴퓨터활용능력1급,,해당,,,
EMP0443,86,B,C,A,A,B,AWS Solutions Architect,770.0,해당,,,
EMP0444,68,,,,,,컴퓨터활용능력1급,611.0,해당,,,
EMP0445,76,,,B,B,B,,,비해당,,,
EMP0446,82,B,B,B,B,A,,,비해당,,,
EMP0447,82,B,B,B,C,B,리눅스마스터,,해당,,,
EMP0448,91,B,A,A,A,A,,,비해당,,,
EMP0449,78,,,C,B,B,SQLD,,해당,,,
EMP0450,70,,,C,C,C,빅데이터분석기사,883.0,해당,,,
EMP0451,90,A,A,A,A,A,,867.0,비해당,,,
EMP0452,81,,,,A,A,,664.0,비해당,,,
EMP0453,72,,,,,,,787.0,비해당,공로상,,
EMP0454,84,B,B,B,B,B,빅데이터분석기사,667.0,해당,,,
EMP0455,68,,,,,,,,비해당,공로상,,
EMP0456,65,,,,,,리눅스마스터,929.0,해당,,,
EMP0457,82,,B,B,B,B,,,비해당,MVP,,
EMP0458,77,,,,,B,,698.0,비해당,,,
EMP0459,73,,,,B,C,,,비해당,,,
EMP0460,66,,,,,,SQLD,613.0,해당,우수사원상,,
EMP0461,79,B,B,C,B,B,,,비해당,MVP,,
EMP0462,70,,,,C,B,,967.0,비해당,,,
EMP0463,73,,,B,B,C,리눅스마스터,,해당,,,
EMP0464,87,B,B,B,B,C,,851.0,비해당,,,
EMP0465,61,,,,,,정보처리기사,768.0,해당,,,
EMP0466,88,A,A,A,B,A,,969.0,비해당,,,
EMP0467,88,A,A,A,A,A,,827.0,비해당,,,
EMP0468,76,C,B,B,D,C,,756.0,비해당,,,
EMP0469,90,B,A,A,B,A,정보보안기사,712.0,해당,,,
EMP0470,86,B,A,B,A,A,,,비해당,,,
EMP0471,74,B,B,D,B,C,,,비해당,MVP,,
EMP0472,90,A,A,B,A,A,,853.0,비해당,,,
EMP0473,78,C,C,B,C,B,,538.0,비해당,,,
EMP0474,70,,,,C,D,ADsP,760.0,해당,,,
EMP0475,78,,,,,B,SQLD,726.0,해당,우수사원상,,
EMP0476,84,B,B,B,A,B,,660.0,비해당,,,
EMP0477,72,B,B,B,B,B,,914.0,비해당,,,
EMP0478,78,C,B,B,B,B,AWS Solutions Architect,774.0,해당,,감봉,지각반복
EMP0479,85,C,B,B,B,A,,,비해당,공로상,,
EMP0480,88,A,A,A,A,S,,706.0,비해당,공로상,,
EMP0481,71,,,,D,B,,693.0,비해당,우수사원상,,
EMP0482,84,A,B,B,B,B,정보처리기사,,해당,,,
EMP0483,75,,B,B,B,B,ADsP,,해당,,,
EMP0484,75,B,B,C,B,B,ADsP,621.0,해당,,,
EMP0485,83,B,B,A,C,B,컴퓨터활용능력1급,,해당,,,
EMP0486,75,,B,C,B,B,SQLD,,해당,팀워크상,,
EMP0487,76,B,C,C,B,B,,,비해당,,,
EMP0488,60,,,,,,AWS Solutions Architect,,해당,팀워크상,,
EMP0489,79,B,B,C,B,B,AWS Solutions Architect,645.0,해당,,,
EMP0490,79,,B,B,B,B,SQLD,821.0,해당,,,
EMP0491,72,,,,B,B,빅데이터분석기사,806.0,해당,팀워크상,,
EMP0492,65,,,,,,정보처리기사,,해당,,,
EMP0493,77,C,D,B,B,B,,697.0,비해당,,,
EMP0494,74,,,,,C,,693.0,비해당,우수사원상,,
EMP0495,76,,,C,B,D,,,비해당,,,
EMP0496,60,,,D,D,D,,775.0,비해당,,,
EMP0497,67,,,,,,,,비해당,공로상,경고,업무태만
EMP0498,83,B,A,B,B,A,리눅스마스터,697.0,해당,,,
EMP0499,85,B,B,B,B,B,ADsP,,해당,,,
EMP0500,89,A,A,A,A,B,빅데이터분석기사,606.0,해당,MVP,,
EMP0501,80,B,B,B,B,A,,,비해당,,,
EMP0502,76,B,C,B,D,B,AWS Solutions Architect,794.0,해당,MVP,,
EMP0503,72,,,,B,D,,,비해당,,,
EMP0504,74,B,C,B,B,C,,943.0,비해당,,,
EMP0505,80,B,B,B,B,B,리눅스마스터,734.0,해당,,,
EMP0506,81,A,B,A,B,C,,533.0,비해당,,감봉,지각반복
EMP0507,83,B,B,B,C,B,,947.0,비해당,,정직,복무규정위반
EMP0508,80,C,B,C,B,B,SQLD,889.0,해당,,,
EMP0509,68,B,C,D,C,C,,,비해당,,,
EMP0510,74,,,,,,정보처리기사,678.0,해당,,,
EMP0511,82,B,A,B,B,C,,565.0,비해당,,경고,업무태만
EMP0512,70,,,,,,컴퓨터활용능력1급,,해당,,정직,업무태만
EMP0513,97,S,S,A,A,S,,,비해당,팀워크상,,
EMP0514,80,B,B,A,B,B,SQLD,,해당,,,
EMP0515,74,,,,,B,,,비해당,,,
EMP0516,76,B,B,C,C,B,,,비해당,,,
EMP0517,70,,B,C,B,C,ADsP,740.0,해당,,,
EMP0518,78,,,B,B,D,,581.0,비해당,,,
EMP0519,92,B,A,S,A,A,AWS Solutions Architect,705.0,해당,,,
EMP0520,87,B,B,B,B,B,,895.0,비해당,,,
EMP0521,67,,,,,C,,665.0,비해당,MVP,,
EMP0522,83,,,,B,B,,904.0,비해당,,,
EMP0523,77,B,C,B,B,C,빅데이터분석기사,810.0,해당,,,
EMP0524,87,B,B,B,B,B,,,비해당,,,
EMP0525,78,,B,B,B,B,정보처리기사,,해당,,,
EMP0526,78,B,B,C,B,B,AWS Solutions Architect,620.0,해당,,,
EMP0527,76,B,B,C,C,C,리눅스마스터,686.0,해당,,정직,업무태만
EMP0528,83,A,A,B,B,A,,,비해당,,,
EMP0529,82,A,B,B,A,B,빅데이터분석기사,,해당,,,
EMP0530,71,,,C,C,C,AWS Solutions Architect,541.0,해당,,,
EMP0531,71,C,C,C,D,C,ADsP,910.0,해당,,,
EMP0532,78,C,C,C,B,B,빅데이터분석기사,853.0,해당,,,
EMP0533,76,C,C,C,C,D,,,비해당,,,
EMP0534,74,,,C,B,D,,883.0,비해당,,,
EMP0535,86,B,B,B,B,C,,875.0,비해당,,,
EMP0536,62,,,,D,C,정보보안기사,,해당,,,
EMP0537,73,D,B,C,B,C,,643.0,비해당,,,
EMP0538,60,,,,D,C,,,비해당,,,
EMP0539,81,A,B,A,A,B,,942.0,비해당,,,
EMP0540,89,A,A,S,A,A,정보보안기사,569.0,해당,,,
EMP0541,83,,B,B,B,C,빅데이터분석기사,,해당,공로상,감봉,업무태만
EMP0542,72,,,,,C,,943.0,비해당,,,
EMP0543,88,A,A,A,B,A,SQLD,727.0,해당,,,
EMP0544,62,,,,,C,정보처리기사,,해당,,,
EMP0545,73,B,B,C,B,C,SQLD,584.0,해당,,,
EMP0546,83,,,,B,B,컴퓨터활용능력1급,508.0,해당,,,
EMP0547,71,,,,,,,953.0,비해당,,,
EMP0548,92,B,S,B,A,S,SQLD,763.0,해당,,,
EMP0549,62,,,,,,AWS Solutions Architect,550.0,해당,팀워크상,,
EMP0550,64,,,,,,,,비해당,우수사원상,정직,지각반복
EMP0551,83,B,B,B,B,B,빅데이터분석기사,782.0,해당,공로상,,
EMP0552,86,A,B,B,B,B,,,비해당,우수사원상,,
EMP0553,74,B,B,B,C,B,,,비해당,,,
EMP0554,81,B,A,B,B,A,컴퓨터활용능력1급,925.0,해당,,,
EMP0555,91,A,A,A,A,A,,,비해당,,,
EMP0556,70,,,,,,정보처리기사,906.0,해당,,,
EMP0557,79,,,,B,C,,771.0,비해당,,,
EMP0558,63,,,,,,,758.0,비해당,MVP,,
EMP0559,78,B,B,C,D,B,,,비해당,,,
EMP0560,64,,,,,,정보보안기사,,해당,,,
EMP0561,79,,,,C,C,,,비해당,,,
EMP0562,67,,,,,,정보보안기사,899.0,해당,,,
EMP0563,68,,,,,,리눅스마스터,864.0,해당,,,
EMP0564,77,,,,,,,943.0,비해당,,,
EMP0565,83,B,B,B,A,A,AWS Solutions Architect,984.0,해당,공로상,,
EMP0566,69,,,,,,컴퓨터활용능력1급,699.0,해당,,,
EMP0567,82,B,B,C,B,B,,703.0,비해당,,,
EMP0568,78,,,,,,ADsP,911.0,해당,,,
EMP0569,78,,,,B,B,컴퓨터활용능력1급,,해당,,경고,복무규정위반
EMP0570,62,,,,,,컴퓨터활용능력1급,,해당,,,
EMP0571,73,,,,,,정보처리기사,,해당,,,
EMP0572,96,S,S,S,S,S,정보보안기사,783.0,해당,,,
EMP0573,68,,,,D,D,,,비해당,,,
EMP0574,76,,,,,C,,,비해당,,,
EMP0575,76,B,B,B,C,B,ADsP,687.0,해당,,,
EMP0576,85,B,C,A,B,B,,,비해당,,,
EMP0577,83,A,B,B,B,B,ADsP,758.0,해당,,,
EMP0578,85,B,A,B,B,B,,,비해당,,,
EMP0579,94,A,S,A,A,A,SQLD,681.0,해당,,,
EMP0580,84,B,B,C,B,B,,656.0,비해당,,,
EMP0581,88,B,A,A,A,B,정보보안기사,837.0,해당,,,
EMP0582,71,,,,B,C,리눅스마스터,,해당,,,
EMP0583,70,,,,,,정보보안기사,536.0,해당,공로상,,
EMP0584,84,C,B,C,B,C,빅데이터분석기사,936.0,해당,팀워크상,,
EMP0585,86,B,B,C,C,A,SQLD,606.0,해당,MVP,,
EMP0586,76,B,B,C,B,C,,773.0,비해당,,,
EMP0587,81,A,B,B,B,B,AWS Solutions Architect,516.0,해당,팀워크상,,
EMP0588,77,B,D,B,D,B,,753.0,비해당,,,
EMP0589,65,,,,,,,672.0,비해당,,,
EMP0590,70,,,C,D,C,정보처리기사,695.0,해당,,,
EMP0591,72,,,B,C,B,정보처리기사,976.0,해당,,,
EMP0592,66,,,,,,,,비해당,,,
EMP0593,89,A,A,A,B,A,빅데이터분석기사,,해당,MVP,경고,복무규정위반
EMP0594,82,,,,B,B,정보처리기사,,해당,,,
EMP0595,67,,,,,,AWS Solutions Architect,555.0,해당,,,
EMP0596,91,A,S,A,A,A,SQLD,,해당,,,
EMP0597,78,,,,,,,567.0,비해당,,,
EMP0598,64,,,,,,,,비해당,,,
EMP0599,70,C,D,B,C,D,컴퓨터활용능력1급,,해당,,,
EMP0600,63,,,,D,C,,,비해당,,,
EMP0601,79,B,C,B,B,B,빅데이터분석기사,870.0,해당,,,
EMP0602,90,A,A,A,B,A,SQLD,985.0,해당,,,
EMP0603,84,B,B,A,C,C,SQLD,866.0,해당,,,
EMP0604,63,,,D,C,D,ADsP,604.0,해당,,,
EMP0605,73,,,,,B,,800.0,비해당,우수사원상,,
EMP0606,77,,,,,,,,비해당,,,
EMP0607,78,B,C,B,B,B,SQLD,596.0,해당,,,
EMP0608,72,B,B,B,B,B,ADsP,962.0,해당,우수사원상,,
EMP0609,77,B,B,C,B,B,,,비해당,,,
EMP0610,74,,C,B,C,C,,744.0,비해당,,,
EMP0611,75,B,B,C,C,B,,,비해당,,,
EMP0612,72,C,C,C,B,C,ADsP,,해당,공로상,,
EMP0613,89,B,A,A,S,S,,,비해당,,,
EMP0614,80,,,,B,A,,658.0,비해당,,,
EMP0615,65,,,,,,ADsP,,해당,,,
EMP0616,82,,B,B,A,B,,501.0,비해당,,,
EMP0617,75,B,B,B,B,B,,,비해당,,,
EMP0618,64,,,,,,리눅스마스터,780.0,해당,,,
EMP0619,76,C,B,B,B,D,,804.0,비해당,,,
EMP0620,78,B,B,C,B,B,,,비해당,,,
EMP0621,75,,B,B,B,B,SQLD,,해당,,,
EMP0622,83,C,B,A,B,A,리눅스마스터,,해당,,,
EMP0623,82,A,B,A,B,B,,955.0,비해당,,,
EMP0624,72,C,B,C,C,C,컴퓨터활용능력1급,943.0,해당,,,
EMP0625,73,B,B,D,B,B,리눅스마스터,666.0,해당,,,
EMP0626,89,A,A,A,A,B,,,비해당,,,
EMP0627,64,,,,,,정보보안기사,,해당,,,
EMP0628,76,C,B,C,B,C,,700.0,비해당,,,
EMP0629,83,C,A,B,A,B,,940.0,비해당,,,
EMP0630,88,A,A,A,A,A,ADsP,675.0,해당,,,
EMP0631,61,,,,,,빅데이터분석기사,,해당,,,
EMP0632,89,A,A,A,A,A,AWS Solutions Architect,,해당,,,
EMP0633,90,A,A,A,B,A,,,비해당,우수사원상,,
EMP0634,82,B,B,B,A,A,AWS Solutions Architect,954.0,해당,,,
EMP0635,72,,,,,,,717.0,비해당,,,
EMP0636,79,B,B,C,B,B,,,비해당,,,
EMP0637,65,,,,C,C,빅데이터분석기사,892.0,해당,우수사원상,,
EMP0638,75,,,B,C,B,정보보안기사,,해당,,,
EMP0639,83,B,B,B,B,B,,,비해당,,,
EMP0640,78,,,,B,B,SQLD,592.0,해당,,,
EMP0641,60,,,,,,,,비해당,,,
EMP0642,78,,B,B,B,B,AWS Solutions Architect,666.0,해당,,,
EMP0643,75,,,,,,,833.0,비해당,,,
EMP0644,60,,,,,,,532.0,비해당,,,
EMP0645,96,S,S,S,S,S,,726.0,비해당,MVP,,
EMP0646,90,A,A,A,S,A,,889.0,비해당,MVP,,
EMP0647,66,,,,C,D,,,비해당,,,
EMP0648,79,C,C,C,B,B,,932.0,비해당,,,
EMP0649,62,,,C,C,D,,,비해당,,,
EMP0650,70,,,,B,D,,793.0,비해당,,,
EMP0651,86,B,C,C,A,B,,788.0,비해당,,,
EMP0652,73,,,,,C,정보보안기사,,해당,,감봉,복무규정위반
EMP0653,72,,,,B,B,AWS Solutions Architect,,해당,공로상,정직,업무태만
EMP0654,93,B,S,B,S,S,,541.0,비해당,,,
EMP0655,82,B,B,B,B,B,SQLD,,해당,,,
EMP0656,75,,,,B,B,정보보안기사,569.0,해당,팀워크상,경고,지각반복
EMP0657,87,B,B,A,C,B,리눅스마스터,,해당,,,
EMP0658,85,B,B,B,B,B,정보처리기사,882.0,해당,,,
EMP0659,72,,,B,B,B,ADsP,,해당,,,
EMP0660,80,B,B,B,B,B,,823.0,비해당,,,
EMP0661,91,A,A,A,A,S,리눅스마스터,892.0,해당,우수사원상,,
EMP0662,71,D,C,C,C,D,SQLD,771.0,해당,우수사원상,,
EMP0663,83,B,A,B,A,B,,669.0,비해당,공로상,,
EMP0664,83,C,B,B,A,B,,825.0,비해당,,감봉,지각반복
EMP0665,64,,,,,,SQLD,,해당,,,
EMP0666,84,B,B,B,B,B,리눅스마스터,710.0,해당,,,
EMP0667,82,B,C,B,B,A,컴퓨터활용능력1급,674.0,해당,,,
EMP0668,83,B,A,B,B,C,,,비해당,,,
EMP0669,73,,,D,B,B,정보처리기사,538.0,해당,우수사원상,,
EMP0670,100,S,S,S,A,S,,910.0,비해당,,,
EMP0671,84,B,C,B,A,B,,886.0,비해당,팀워크상,,
EMP0672,64,,,,C,C,,937.0,비해당,,,
EMP0673,78,B,B,B,B,C,정보처리기사,,해당,,,
EMP0674,69,C,C,C,C,C,,557.0,비해당,,,
EMP0675,82,B,B,B,A,B,,,비해당,,,
EMP0676,73,,,,B,C,SQLD,,해당,,,
EMP0677,76,,,,,C,,,비해당,,,
EMP0678,86,C,B,B,B,B,빅데이터분석기사,501.0,해당,,정직,업무태만
EMP0679,78,,,,,,ADsP,764.0,해당,,,
EMP0680,89,A,A,S,A,A,,,비해당,,,
EMP0681,73,B,C,C,C,B,,893.0,비해당,,,
EMP0682,85,A,B,B,B,B,리눅스마스터,515.0,해당,,,
EMP0683,68,,,C,C,D,ADsP,,해당,,,
EMP0684,71,C,C,B,C,C,정보처리기사,,해당,팀워크상,,
EMP0685,77,C,C,B,B,B,,,비해당,,,
EMP0686,86,B,C,B,C,B,리눅스마스터,,해당,,,
EMP0687,75,C,B,C,B,B,,763.0,비해당,,,
EMP0688,76,B,B,C,B,B,컴퓨터활용능력1급,531.0,해당,,,
EMP0689,80,,B,C,C,B,,,비해당,팀워크상,,
EMP0690,68,C,B,C,D,D,ADsP,959.0,해당,,,
EMP0691,75,,,,,,정보보안기사,576.0,해당,,,
EMP0692,72,,,,B,C,정보처리기사,,해당,,,
EMP0693,69,,,C,C,D,ADsP,,해당,팀워크상,,
EMP0694,78,,,,,,,,비해당,,,
EMP0695,70,,D,C,C,C,,,비해당,,,
EMP0696,80,B,B,B,B,B,,671.0,비해당,,,
EMP0697,77,,,B,B,B,ADsP,,해당,,,
EMP0698,70,,,,,C,,877.0,비해당,,,
EMP0699,69,,,,,,정보처리기사,746.0,해당,,,
EMP0700,86,B,A,A,A,A,,,비해당,,,
EMP0701,62,,,,,D,SQLD,666.0,해당,,경고,복무규정위반
EMP0702,74,,,,,B,,,비해당,우수사원상,,
EMP0703,88,A,S,S,A,B,,,비해당,,,
EMP0704,82,B,B,B,B,B,AWS Solutions Architect,,해당,MVP,,
EMP0705,90,A,A,A,A,A,SQLD,531.0,해당,,,
EMP0706,82,B,B,B,B,B,,861.0,비해당,,,
EMP0707,66,,,,,,,782.0,비해당,,,
EMP0708,91,A,A,A,A,S,ADsP,870.0,해당,,,
EMP0709,96,S,A,S,S,S,SQLD,710.0,해당,,,
EMP0710,78,,C,C,B,B,,,비해당,,,
EMP0711,70,,,C,C,C,SQLD,,해당,우수사원상,,
EMP0712,88,A,A,S,A,B,정보보안기사,881.0,해당,,,
EMP0713,93,A,A,B,S,B,,,비해당,MVP,,
EMP0714,85,B,B,B,B,A,,845.0,비해당,,,
EMP0715,72,B,B,B,B,B,,,비해당,,,
EMP0716,79,B,B,B,B,B,정보처리기사,,해당,,,
EMP0717,89,B,B,A,A,A,AWS Solutions Architect,511.0,해당,,,
EMP0718,60,,,,,D,AWS Solutions Architect,537.0,해당,,,
EMP0719,64,,,,,,,935.0,비해당,,,
EMP0720,83,,A,B,B,A,컴퓨터활용능력1급,,해당,,,
EMP0721,71,,,,,,,551.0,비해당,우수사원상,,
EMP0722,87,B,A,B,B,A,AWS Solutions Architect,793.0,해당,,,
EMP0723,88,A,A,A,A,A,정보처리기사,972.0,해당,,,
EMP0724,95,S,S,S,S,S,,725.0,비해당,,,
EMP0725,90,A,A,A,A,A,,,비해당,공로상,,
EMP0726,65,,,,,,,,비해당,,,
EMP0727,63,,,,,,빅데이터분석기사,,해당,,,
EMP0728,73,,,,C,B,,661.0,비해당,,,
EMP0729,74,C,B,B,D,B,빅데이터분석기사,,해당,,,
EMP0730,66,,,,,,리눅스마스터,810.0,해당,공로상,감봉,지각반복
EMP0731,62,,,,,,,,비해당,,,
EMP0732,74,,,C,C,B,,930.0,비해당,,,
EMP0733,74,B,B,C,C,B,빅데이터분석기사,940.0,해당,,,
EMP0734,78,B,C,B,D,B,컴퓨터활용능력1급,694.0,해당,,,
EMP0735,62,,,,,,리눅스마스터,979.0,해당,,,
EMP0736,83,A,C,C,B,A,,,비해당,,,
EMP0737,72,,,,B,C,리눅스마스터,,해당,,,
EMP0738,78,B,B,B,B,B,,,비해당,팀워크상,,
EMP0739,79,B,C,B,B,B,,945.0,비해당,팀워크상,,
EMP0740,88,A,A,B,A,A,ADsP,,해당,팀워크상,,
EMP0741,79,B,B,C,B,B,,779.0,비해당,,,
EMP0742,93,B,A,A,A,A,,,비해당,,,
EMP0743,79,B,B,B,B,B,정보처리기사,594.0,해당,,,
EMP0744,76,,B,B,B,B,,866.0,비해당,,,
EMP0745,97,S,A,S,S,S,AWS Solutions Architect,,해당,,,
EMP0746,93,A,A,A,S,A,빅데이터분석기사,524.0,해당,,,
EMP0747,73,,,B,B,B,ADsP,,해당,,,
EMP0748,72,,,,,,정보보안기사,794.0,해당,,정직,지각반복
EMP0749,63,,,,,C,,821.0,비해당,,,
EMP0750,70,,,,,,,924.0,비해당,,,
EMP0751,74,B,C,B,B,B,정보처리기사,754.0,해당,,,
EMP0752,61,,,,,,,537.0,비해당,,,
EMP0753,81,,B,B,B,B,컴퓨터활용능력1급,,해당,,,
EMP0754,74,,,,B,B,,637.0,비해당,,,
EMP0755,74,B,C,B,B,C,AWS Solutions Architect,,해당,,,
EMP0756,78,,,,B,C,컴퓨터활용능력1급,,해당,우수사원상,,
EMP0757,75,C,B,B,C,B,,560.0,비해당,,,
EMP0758,63,,,,,D,정보처리기사,942.0,해당,,,
EMP0759,79,,,,B,B,,588.0,비해당,MVP,,
EMP0760,83,,,A,B,B,ADsP,,해당,,,
EMP0761,79,B,B,B,C,C,,682.0,비해당,,,
EMP0762,64,,,,,,,,비해당,,,
EMP0763,67,,,C,D,B,SQLD,,해당,,,
EMP0764,75,,B,C,C,C,정보처리기사,864.0,해당,,,
EMP0765,82,A,B,B,B,B,리눅스마스터,,해당,,,
EMP0766,76,,,,,,빅데이터분석기사,725.0,해당,,,
EMP0767,72,,,,,,,,비해당,,,
EMP0768,75,,,,C,B,,731.0,비해당,,,
EMP0769,87,B,A,B,B,B,,,비해당,,,
EMP0770,72,B,C,B,B,B,정보보안기사,,해당,,,
EMP0771,77,B,C,C,B,B,SQLD,644.0,해당,,,
EMP0772,60,,,,,,정보처리기사,,해당,,,
EMP0773,74,,,,B,D,SQLD,976.0,해당,,,
EMP0774,63,,,,,D,,,비해당,MVP,,
EMP0775,78,,B,B,B,B,정보보안기사,961.0,해당,,,
EMP0776,68,,,,C,D,,,비해당,,,
EMP0777,68,,,,D,C,,896.0,비해당,,,
EMP0778,73,,,,,C,,563.0,비해당,공로상,,
EMP0779,99,A,S,S,S,S,리눅스마스터,,해당,,,
EMP0780,73,,,,,,정보처리기사,,해당,,,
EMP0781,70,,,,B,C,정보보안기사,614.0,해당,,,
EMP0782,85,C,B,B,B,A,리눅스마스터,,해당,,,
EMP0783,93,A,A,A,S,A,리눅스마스터,607.0,해당,,,
EMP0784,74,,,,,,AWS Solutions Architect,693.0,해당,MVP,,
EMP0785,73,,,,C,C,컴퓨터활용능력1급,,해당,팀워크상,,
EMP0786,60,,,,,C,정보보안기사,820.0,해당,,,
EMP0787,61,,,,,,,,비해당,,,
EMP0788,76,,,B,B,B,,699.0,비해당,,,
EMP0789,84,B,B,B,A,B,AWS Solutions Architect,,해당,,,
EMP0790,75,B,B,B,C,C,AWS Solutions Architect,720.0,해당,,,
EMP0791,82,A,B,B,C,B,리눅스마스터,,해당,,감봉,지각반복
EMP0792,60,,,,,,ADsP,,해당,,,
EMP0793,77,B,B,C,B,D,,648.0,비해당,,,
EMP0794,82,,B,B,B,B,,,비해당,,,
EMP0795,81,B,B,B,B,B,,,비해당,공로상,,
EMP0796,80,,,,B,A,,,비해당,,,
EMP0797,75,,,,B,C,ADsP,523.0,해당,우수사원상,,
EMP0798,72,C,B,B,B,B,,,비해당,,,
EMP0799,83,B,A,B,A,B,리눅스마스터,,해당,,,
EMP0800,75,,,,,D,,964.0,비해당,팀워크상,경고,복무규정위반
EMP0801,79,D,C,B,B,C,SQLD,897.0,해당,,,
EMP0802,79,,B,C,B,B,,544.0,비해당,,,
EMP0803,96,S,S,S,S,S,컴퓨터활용능력1급,,해당,,정직,업무태만
EMP0804,82,B,C,B,B,B,,,비해당,,,
EMP0805,68,,,,D,C,,961.0,비해당,,,
EMP0806,76,C,C,B,B,B,AWS Solutions Architect,,해당,공로상,,
EMP0807,94,B,A,S,A,B,,813.0,비해당,,,
EMP0808,62,,,,,D,리눅스마스터,,해당,,,
EMP0809,81,B,B,B,A,B,,,비해당,,,
EMP0810,77,C,B,D,C,B,,901.0,비해당,팀워크상,,
EMP0811,61,,,,,C,AWS Solutions Architect,,해당,팀워크상,,
EMP0812,71,,C,B,C,C,정보보안기사,943.0,해당,,,
EMP0813,86,B,B,A,B,B,,845.0,비해당,,,
EMP0814,84,B,B,A,A,B,SQLD,,해당,,,
EMP0815,86,B,C,B,B,B,리눅스마스터,793.0,해당,,,
EMP0816,85,A,A,B,C,B,ADsP,,해당,,,
EMP0817,79,B,B,C,C,D,,917.0,비해당,,경고,지각반복
EMP0818,79,B,C,B,C,C,,,비해당,,,
EMP0819,87,B,B,B,B,B,정보보안기사,833.0,해당,우수사원상,,
EMP0820,78,B,B,B,C,B,정보처리기사,748.0,해당,,,
EMP0821,71,,,C,B,D,ADsP,,해당,,,
EMP0822,73,,B,D,C,B,,691.0,비해당,,,
EMP0823,68,C,C,B,C,C,정보보안기사,,해당,,,
EMP0824,79,B,B,B,D,B,,,비해당,,,
EMP0825,90,S,S,A,A,A,컴퓨터활용능력1급,,해당,,,
EMP0826,78,,,B,B,B,정보보안기사,791.0,해당,,,
EMP0827,85,B,B,B,A,B,리눅스마스터,,해당,,,
EMP0828,79,C,C,C,B,C,정보처리기사,560.0,해당,,,
EMP0829,77,,,,,B,,,비해당,,,
EMP0830,87,B,B,C,C,B,,,비해당,,,
EMP0831,90,A,A,A,A,A,정보보안기사,555.0,해당,MVP,,
EMP0832,78,,,,,,AWS Solutions Architect,905.0,해당,,,
EMP0833,64,,,,D,D,AWS Solutions Architect,674.0,해당,,,
EMP0834,90,S,A,B,A,A,SQLD,,해당,,,
EMP0835,94,A,S,S,B,A,,,비해당,,,
EMP0836,79,B,C,B,B,C,,,비해당,,,
EMP0837,86,B,A,B,B,C,,900.0,비해당,,,
EMP0838,78,B,B,C,C,B,,521.0,비해당,,,
EMP0839,71,,,,,,SQLD,843.0,해당,,,
EMP0840,87,B,B,C,B,B,정보처리기사,,해당,공로상,,
EMP0841,78,,,,B,D,,,비해당,,감봉,지각반복
EMP0842,71,,,,C,C,SQLD,712.0,해당,,,
EMP0843,66,,,,,C,,649.0,비해당,,,
EMP0844,81,B,B,B,B,B,SQLD,,해당,,,
EMP0845,72,,B,B,B,C,,,비해당,공로상,,
EMP0846,71,C,C,C,C,C,,614.0,비해당,,,
EMP0847,88,B,A,A,A,A,정보보안기사,986.0,해당,,,
EMP0848,91,A,S,S,A,A,,,비해당,,,
EMP0849,75,,,,,,ADsP,,해당,,,
EMP0850,91,A,A,B,A,A,,,비해당,,,
EMP0851,72,,,B,B,D,,,비해당,,,
EMP0852,68,B,C,C,B,C,SQLD,,해당,MVP,,
EMP0853,85,B,B,B,C,B,,,비해당,,,
EMP0854,60,,,,,,,,비해당,,,
EMP0855,74,,,,,,,968.0,비해당,,,
EMP0856,63,,,C,D,C,,,비해당,,,
EMP0857,68,,,,C,D,,874.0,비해당,,,
EMP0858,81,B,B,A,A,B,,,비해당,,,
EMP0859,75,,,,,B,,,비해당,,,
EMP0860,81,B,B,B,B,B,정보처리기사,640.0,해당,,,
EMP0861,74,,,,,,,,비해당,,,
EMP0862,91,B,A,A,A,B,,623.0,비해당,,,
EMP0863,83,B,A,B,B,B,,,비해당,,,
EMP0864,74,B,B,C,B,B,정보처리기사,523.0,해당,우수사원상,,
EMP0865,88,A,A,S,A,A,리눅스마스터,,해당,,,
EMP0866,69,,,,C,C,,601.0,비해당,,,
EMP0867,62,,,,C,C,정보처리기사,646.0,해당,우수사원상,,
EMP0868,81,B,B,B,B,B,SQLD,,해당,,,
EMP0869,68,,,,,,,,비해당,,,
EMP0870,83,C,B,B,C,B,정보처리기사,,해당,,,
EMP0871,64,,,,,,컴퓨터활용능력1급,653.0,해당,,,
EMP0872,80,B,B,B,A,B,컴퓨터활용능력1급,684.0,해당,,,
EMP0873,78,,,,,B,SQLD,,해당,,,
EMP0874,79,B,B,D,B,B,빅데이터분석기사,,해당,공로상,,
EMP0875,69,,B,D,C,C,,573.0,비해당,,,
EMP0876,70,,,,,,,819.0,비해당,,,
EMP0877,72,,,B,C,B,,,비해당,,,
EMP0878,86,A,B,B,B,B,,,비해당,,,
EMP0879,73,,,,,B,,957.0,비해당,,,
EMP0880,88,A,A,A,A,S,,791.0,비해당,,,
EMP0881,78,C,B,B,B,B,,811.0,비해당,,,
EMP0882,82,B,A,B,A,B,ADsP,580.0,해당,,,
EMP0883,84,B,B,B,A,B,,,비해당,,,
EMP0884,85,A,B,B,B,B,컴퓨터활용능력1급,,해당,,,
EMP0885,89,A,S,S,A,A,AWS Solutions Architect,,해당,,,
EMP0886,83,B,B,B,C,A,ADsP,783.0,해당,팀워크상,,
EMP0887,68,C,B,D,C,C,컴퓨터활용능력1급,,해당,MVP,,
EMP0888,73,,,,,,빅데이터분석기사,,해당,,,
EMP0889,64,,,,,C,리눅스마스터,941.0,해당,팀워크상,,
EMP0890,80,B,B,A,B,A,ADsP,649.0,해당,,,
EMP0891,91,B,A,A,A,A,컴퓨터활용능력1급,866.0,해당,,,
EMP0892,72,,,,,,ADsP,529.0,해당,,경고,업무태만
EMP0893,65,,,,,,,637.0,비해당,공로상,,
EMP0894,84,A,B,A,B,B,정보처리기사,,해당,,,
EMP0895,60,,,,,,SQLD,,해당,,,
EMP0896,68,C,C,B,C,C,SQLD,,해당,,,
EMP0897,93,B,B,S,A,A,ADsP,654.0,해당,우수사원상,,
EMP0898,80,,,B,B,B,정보보안기사,,해당,,,
EMP0899,90,A,A,S,A,A,,659.0,비해당,,,
EMP0900,91,B,S,B,A,A,,774.0,비해당,,,
EMP0901,70,C,C,C,C,C,,668.0,비해당,공로상,,
EMP0902,62,,,,C,D,,,비해당,,,
EMP0903,82,B,B,B,B,A,,935.0,비해당,,,
EMP0904,85,C,B,A,B,B,리눅스마스터,620.0,해당,,,
EMP0905,68,B,C,C,C,B,빅데이터분석기사,,해당,,,
EMP0906,76,,,,,,ADsP,,해당,,,
EMP0907,89,A,A,B,S,A,빅데이터분석기사,873.0,해당,,,
EMP0908,90,B,S,A,A,A,,,비해당,,,
EMP0909,83,A,B,B,B,A,,655.0,비해당,,,
EMP0910,96,S,S,S,S,S,리눅스마스터,,해당,,,
EMP0911,69,,,,,,,,비해당,,,
EMP0912,77,C,B,B,B,B,SQLD,518.0,해당,,,
EMP0913,72,,,,,B,빅데이터분석기사,522.0,해당,팀워크상,,
EMP0914,60,,,,,,,582.0,비해당,,,
EMP0915,77,B,B,B,B,B,,,비해당,,,
EMP0916,73,D,C,C,B,C,정보처리기사,557.0,해당,,,
EMP0917,71,,,B,C,D,,,비해당,,,
EMP0918,68,,,B,C,B,,,비해당,공로상,,
EMP0919,89,A,A,A,S,A,ADsP,,해당,,감봉,복무규정위반
EMP0920,84,A,B,B,B,B,정보처리기사,941.0,해당,,,
EMP0921,75,,,,B,C,정보처리기사,538.0,해당,,,
EMP0922,63,,,,D,D,,944.0,비해당,,,
EMP0923,78,,,,,,리눅스마스터,503.0,해당,,경고,지각반복
EMP0924,76,,,,B,B,,659.0,비해당,MVP,,
EMP0925,84,C,B,B,B,B,,662.0,비해당,,,
EMP0926,89,B,A,A,A,A,ADsP,668.0,해당,,,
EMP0927,87,B,B,B,B,B,리눅스마스터,731.0,해당,,,
EMP0928,65,,,,,C,,,비해당,,,
EMP0929,88,S,A,A,A,A,정보보안기사,743.0,해당,,,
EMP0930,79,C,B,C,B,B,리눅스마스터,,해당,,,
EMP0931,84,B,B,A,A,B,빅데이터분석기사,788.0,해당,,,
EMP0932,74,C,C,B,B,C,정보처리기사,620.0,해당,,,
EMP0933,81,A,B,B,B,B,,759.0,비해당,,,
EMP0934,71,C,D,D,C,D,정보처리기사,779.0,해당,,,
EMP0935,82,B,B,B,A,B,빅데이터분석기사,961.0,해당,,,
EMP0936,79,,C,B,B,B,,,비해당,,,
EMP0937,87,B,B,B,B,B,,935.0,비해당,,,
EMP0938,78,B,B,B,C,C,정보처리기사,888.0,해당,,,
EMP0939,76,,,C,B,C,컴퓨터활용능력1급,,해당,,,
EMP0940,66,,,,,,정보보안기사,,해당,MVP,,
EMP0941,95,S,S,S,S,S,,727.0,비해당,,,
EMP0942,88,A,A,A,S,B,ADsP,,해당,우수사원상,,
EMP0943,73,,,,,,컴퓨터활용능력1급,,해당,,,
EMP0944,87,B,B,C,B,C,컴퓨터활용능력1급,938.0,해당,,,
EMP0945,90,B,A,B,A,A,빅데이터분석기사,826.0,해당,,,
EMP0946,85,C,B,A,B,B,AWS Solutions Architect,737.0,해당,,경고,복무규정위반
EMP0947,67,,,,,,,,비해당,공로상,,
EMP0948,77,,,,,,,648.0,비해당,,,
EMP0949,83,A,C,B,B,C,,,비해당,,,
EMP0950,74,,,B,C,B,,,비해당,우수사원상,,
EMP0951,76,,,C,B,B,AWS Solutions Architect,671.0,해당,공로상,,
EMP0952,78,B,B,B,B,B,SQLD,626.0,해당,,,
EMP0953,75,B,B,B,B,B,,,비해당,,,
EMP0954,87,B,B,C,B,B,ADsP,,해당,,,
EMP0955,60,,,,,,,949.0,비해당,,,
EMP0956,68,C,C,D,B,C,SQLD,535.0,해당,,,
EMP0957,70,,,B,C,B,AWS Solutions Architect,,해당,,,
EMP0958,80,B,A,C,B,C,컴퓨터활용능력1급,747.0,해당,,,
EMP0959,74,C,C,B,B,B,,595.0,비해당,,,
EMP0960,62,,,,C,C,,853.0,비해당,,,
EMP0961,69,D,C,C,C,C,ADsP,836.0,해당,,,
EMP0962,88,A,A,S,S,S,,802.0,비해당,,,
EMP0963,82,A,B,B,A,B,컴퓨터활용능력1급,712.0,해당,,,
EMP0964,91,A,A,A,A,A,,,비해당,,,
EMP0965,78,B,C,B,B,C,빅데이터분석기사,,해당,,,
EMP0966,83,B,B,B,C,B,,780.0,비해당,,,
EMP0967,87,B,A,A,B,B,,932.0,비해당,,,
EMP0968,74,,,,,B,빅데이터분석기사,844.0,해당,,,
EMP0969,72,B,B,B,D,C,,540.0,비해당,,,
EMP0970,81,B,B,A,B,A,,828.0,비해당,,,
EMP0971,73,,,,B,B,정보보안기사,929.0,해당,,,
EMP0972,79,B,B,B,B,B,,,비해당,,,
EMP0973,90,A,A,B,A,S,,890.0,비해당,팀워크상,,
EMP0974,79,,,B,B,C,AWS Solutions Architect,980.0,해당,,,
EMP0975,75,B,B,B,C,B,빅데이터분석기사,935.0,해당,,,
EMP0976,70,C,D,B,B,B,,,비해당,우수사원상,,
EMP0977,79,B,B,B,B,C,SQLD,520.0,해당,,,
EMP0978,77,B,C,B,B,C,빅데이터분석기사,871.0,해당,,,
EMP0979,78,,,,,,,983.0,비해당,,,
EMP0980,78,B,D,B,B,B,,,비해당,,,
EMP0981,75,C,C,B,B,C,,,비해당,,,
EMP0982,95,A,S,S,S,S,,700.0,비해당,,,
EMP0983,69,,,,,,,,비해당,,감봉,지각반복
EMP0984,66,,,,C,C,ADsP,719.0,해당,,,
EMP0985,78,B,B,C,C,B,,705.0,비해당,,,
EMP0986,62,,,,,,,611.0,비해당,,,
EMP0987,84,C,B,B,A,B,,749.0,비해당,,,
EMP0988,72,,,,C,B,,,비해당,,,
EMP0989,86,B,B,C,C,A,정보보안기사,810.0,해당,,,
EMP0990,75,B,C,B,B,B,,530.0,비해당,,,
EMP0991,91,A,A,S,A,A,정보처리기사,,해당,공로상,,
EMP0992,74,,,,B,B,컴퓨터활용능력1급,898.0,해당,,,
EMP0993,68,,C,C,C,B,정보보안기사,,해당,,,
EMP0994,95,S,S,S,S,A,SQLD,708.0,해당,MVP,,
EMP0995,79,,,B,C,B,,851.0,비해당,,,
EMP0996,73,,,,,,SQLD,,해당,,,
EMP0997,69,,,,C,C,ADsP,719.0,해당,,,
EMP0998,83,B,A,B,A,A,AWS Solutions Architect,634.0,해당,,,
EMP0999,86,A,B,B,B,A,정보처리기사,667.0,해당,,,
EMP1000,91,B,S,A,A,A,,,비해당,,,
EMP1001,87,B,B,B,B,B,,721.0,비해당,,,
EMP1002,66,,,,B,C,정보보안기사,,해당,,,
EMP1003,72,,,,,,,834.0,비해당,팀워크상,경고,업무태만
EMP1004,85,A,B,C,B,C,정보처리기사,,해당,,,
EMP1005,92,S,A,A,A,A,리눅스마스터,831.0,해당,,,
EMP1006,82,B,C,B,B,B,,525.0,비해당,,,
EMP1007,79,B,C,B,B,C,리눅스마스터,,해당,팀워크상,,
EMP1008,72,,,,,,ADsP,,해당,,,
EMP1009,79,,,B,B,C,,,비해당,,,
EMP1010,77,C,C,B,C,B,정보보안기사,,해당,,감봉,복무규정위반
EMP1011,85,B,B,B,A,B,,719.0,비해당,,,
EMP1012,86,C,B,B,A,B,,724.0,비해당,,,
EMP1013,97,S,A,A,S,A,정보보안기사,579.0,해당,,,
EMP1014,85,B,A,A,C,B,,,비해당,,,
EMP1015,75,D,C,B,C,B,빅데이터분석기사,905.0,해당,,,
EMP1016,82,B,B,C,B,A,정보처리기사,532.0,해당,,감봉,지각반복
EMP1017,85,C,B,B,C,B,컴퓨터활용능력1급,,해당,MVP,,
EMP1018,70,,,,C,B,,,비해당,,,
EMP1019,73,,,,,C,ADsP,842.0,해당,,,
EMP1020,72,,,D,C,C,정보처리기사,,해당,,,
EMP1021,82,A,B,B,B,A,빅데이터분석기사,,해당,,정직,지각반복
EMP1022,80,,B,B,A,A,SQLD,,해당,,,
EMP1023,71,,,,C,B,정보보안기사,,해당,,,
EMP1024,83,,C,B,B,B,,574.0,비해당,공로상,,
EMP1025,82,A,B,A,B,B,,,비해당,,,
EMP1026,74,C,C,B,B,C,,,비해당,,,
EMP1027,84,B,B,A,B,B,,,비해당,,,
EMP1028,67,,,,,,,929.0,비해당,우수사원상,,
EMP1029,74,,,,,,정보보안기사,849.0,해당,,,
EMP1030,93,S,B,S,A,A,,836.0,비해당,팀워크상,,
EMP1031,87,A,C,C,A,C,빅데이터분석기사,,해당,,,
EMP1032,78,,,,,B,,900.0,비해당,,,
EMP1033,83,B,B,B,A,B,빅데이터분석기사,,해당,,,
EMP1034,97,S,S,A,S,S,,985.0,비해당,,,
EMP1035,88,A,A,A,A,B,정보보안기사,,해당,,경고,업무태만
EMP1036,86,C,A,B,B,A,정보처리기사,,해당,팀워크상,,
EMP1037,74,,,,,,,,비해당,,,
EMP1038,70,B,C,B,C,C,,978.0,비해당,,,
EMP1039,77,C,C,B,B,B,정보처리기사,570.0,해당,,,
EMP1040,80,,,,B,B,,,비해당,,,
EMP1041,72,,,B,B,B,,678.0,비해당,,,
EMP1042,92,A,A,A,A,A,컴퓨터활용능력1급,933.0,해당,,,
EMP1043,73,,,,,C,,,비해당,,,
EMP1044,79,C,B,B,C,B,,539.0,비해당,,정직,복무규정위반
EMP1045,81,C,C,B,A,B,컴퓨터활용능력1급,963.0,해당,,,
EMP1046,74,C,C,C,B,C,,,비해당,,,
EMP1047,64,,,,D,D,컴퓨터활용능력1급,541.0,해당,MVP,경고,복무규정위반
EMP1048,84,A,B,B,B,B,ADsP,,해당,,,
EMP1049,76,,B,B,B,B,컴퓨터활용능력1급,621.0,해당,,,
EMP1050,74,,,B,B,B,빅데이터분석기사,620.0,해당,,,
EMP1051,66,,,,,,,899.0,비해당,,,
EMP1052,79,C,C,B,B,B,,,비해당,,,
EMP1053,79,C,B,C,B,B,AWS Solutions Architect,699.0,해당,공로상,,
EMP1054,80,B,B,C,B,B,SQLD,805.0,해당,,,
EMP1055,75,,,,,B,컴퓨터활용능력1급,731.0,해당,,,
EMP1056,79,,B,B,B,C,,748.0,비해당,,,
EMP1057,69,,,,D,C,ADsP,895.0,해당,,,
EMP1058,79,B,C,B,C,B,AWS Solutions Architect,,해당,,,
EMP1059,75,C,B,C,B,B,ADsP,987.0,해당,공로상,,
EMP1060,89,A,S,A,A,A,,532.0,비해당,,,
EMP1061,69,,,,,,,765.0,비해당,,,
EMP1062,83,B,B,B,B,A,AWS Solutions Architect,,해당,,,
EMP1063,82,B,B,B,C,B,,761.0,비해당,,,
EMP1064,87,B,B,B,B,B,리눅스마스터,738.0,해당,,,
EMP1065,78,,B,B,B,B,,783.0,비해당,,,
EMP1066,70,B,C,D,B,C,,,비해당,,,
EMP1067,66,,,,B,D,,829.0,비해당,,,
EMP1068,69,,,,,,AWS Solutions Architect,,해당,,,
EMP1069,80,C,B,B,B,A,,677.0,비해당,,,
EMP1070,82,C,B,B,C,A,,,비해당,,,
EMP1071,85,B,A,B,C,B,,650.0,비해당,,,
EMP1072,91,A,A,A,A,A,빅데이터분석기사,618.0,해당,,,
EMP1073,74,C,B,B,B,B,리눅스마스터,589.0,해당,,,
EMP1074,78,B,C,C,C,B,,844.0,비해당,,,
EMP1075,84,B,B,B,B,C,정보처리기사,,해당,,,
EMP1076,83,,,C,C,A,빅데이터분석기사,,해당,,,
EMP1077,76,,,,C,B,AWS Solutions Architect,565.0,해당,,,
EMP1078,73,B,B,B,B,B,ADsP,,해당,MVP,,
EMP1079,75,C,B,B,B,B,SQLD,,해당,,,
EMP1080,86,B,B,B,B,B,,,비해당,,,
EMP1081,78,,,,,B,,515.0,비해당,,,
EMP1082,74,C,C,B,B,B,,976.0,비해당,우수사원상,감봉,업무태만
EMP1083,61,,,,,,,,비해당,,,
EMP1084,90,B,A,S,A,S,,,비해당,,,
EMP1085,78,,,,B,B,,826.0,비해당,,,
EMP1086,86,B,A,B,B,B,리눅스마스터,758.0,해당,공로상,,
EMP1087,92,B,S,A,A,A,ADsP,,해당,,,
EMP1088,76,,,B,B,B,,751.0,비해당,,,
EMP1089,93,S,B,A,S,A,,903.0,비해당,,,
EMP1090,82,B,B,B,C,B,,,비해당,,감봉,지각반복
EMP1091,78,,,C,C,B,,572.0,비해당,공로상,,
EMP1092,79,C,B,B,B,C,빅데이터분석기사,,해당,,,
EMP1093,66,,,,,,,,비해당,,,
EMP1094,63,,,,,,정보보안기사,696.0,해당,,,
EMP1095,63,,,,,D,,503.0,비해당,,,
EMP1096,60,,,,,,정보처리기사,,해당,,,
EMP1097,64,,,,,,컴퓨터활용능력1급,909.0,해당,,,
EMP1098,92,A,A,A,A,S,,,비해당,팀워크상,,
EMP1099,65,,,,,C,,972.0,비해당,,,
EMP1100,80,B,B,A,B,B,AWS Solutions Architect,,해당,,,
EMP1101,62,,,,,C,,759.0,비해당,,,
EMP1102,77,B,C,B,C,B,SQLD,981.0,해당,,,
EMP1103,76,,,,,,,539.0,비해당,,,
EMP1104,70,,,,,,,733.0,비해당,,,
EMP1105,78,,,B,B,C,,,비해당,,,
EMP1106,80,,,,B,B,ADsP,748.0,해당,,,
EMP1107,81,,B,C,B,A,,,비해당,,,
EMP1108,93,A,A,A,A,B,,910.0,비해당,,경고,지각반복
EMP1109,73,,,D,C,B,,,비해당,,,
EMP1110,77,,,,B,B,빅데이터분석기사,593.0,해당,,,
EMP1111,81,B,B,B,B,B,,702.0,비해당,,,
EMP1112,77,,,,,,리눅스마스터,,해당,,,
EMP1113,70,,D,C,B,C,컴퓨터활용능력1급,,해당,,,
EMP1114,73,,,,,C,,,비해당,,,
EMP1115,71,,,,,,,699.0,비해당,공로상,,
EMP1116,62,,,,D,C,리눅스마스터,950.0,해당,,경고,업무태만
EMP1117,77,,,B,B,B,SQLD,,해당,,,
EMP1118,81,,,,B,B,빅데이터분석기사,,해당,,,
EMP1119,66,,,,,,컴퓨터활용능력1급,,해당,,,
EMP1120,82,B,B,A,B,B,,,비해당,,,
EMP1121,77,,,,,,ADsP,724.0,해당,,,
EMP1122,70,,,,C,B,컴퓨터활용능력1급,831.0,해당,,,
EMP1123,83,,,A,A,C,정보보안기사,,해당,MVP,,
EMP1124,92,A,A,A,A,A,SQLD,,해당,,,
EMP1125,74,,,,,B,SQLD,798.0,해당,,,
EMP1126,78,,,,B,C,,801.0,비해당,,,
EMP1127,80,,,B,B,B,,564.0,비해당,,,
EMP1128,90,A,S,S,A,A,정보처리기사,528.0,해당,,,
EMP1129,89,A,A,A,A,S,정보처리기사,,해당,,,
EMP1130,78,,,C,B,D,,789.0,비해당,우수사원상,감봉,복무규정위반
EMP1131,73,,,,,,ADsP,,해당,,,
EMP1132,90,A,B,S,A,S,,,비해당,,,
EMP1133,77,,,,C,B,빅데이터분석기사,,해당,,,
EMP1134,70,C,D,C,C,C,,728.0,비해당,,,
EMP1135,60,,,,,C,AWS Solutions Architect,,해당,,,
EMP1136,71,,,,,,,518.0,비해당,,,
EMP1137,77,C,C,D,B,B,ADsP,,해당,,,
EMP1138,88,A,A,A,B,A,리눅스마스터,,해당,MVP,,
EMP1139,74,B,B,B,B,C,AWS Solutions Architect,952.0,해당,,,
EMP1140,79,C,B,B,C,B,,570.0,비해당,,,
EMP1141,72,B,B,B,C,C,,590.0,비해당,,,
EMP1142,67,,,,,,정보처리기사,,해당,,,
EMP1143,83,A,B,A,A,B,빅데이터분석기사,570.0,해당,,,
EMP1144,99,A,S,S,A,S,,559.0,비해당,,,
EMP1145,75,,,C,C,C,,930.0,비해당,,,
EMP1146,62,,,,D,C,정보처리기사,770.0,해당,MVP,,
EMP1147,76,,C,B,B,B,,879.0,비해당,,,
EMP1148,91,A,B,A,A,A,,592.0,비해당,공로상,,
EMP1149,70,,,,C,D,,646.0,비해당,MVP,,
EMP1150,85,B,B,A,A,B,,555.0,비해당,,,
EMP1151,72,B,C,B,B,D,,684.0,비해당,,,
EMP1152,86,B,B,A,B,A,AWS Solutions Architect,713.0,해당,,,
EMP1153,88,A,B,A,A,A,,980.0,비해당,,,
EMP1154,72,,B,B,C,D,리눅스마스터,,해당,,,
EMP1155,75,B,B,C,B,B,,982.0,비해당,,,
EMP1156,81,B,A,B,B,B,,962.0,비해당,,감봉,업무태만
EMP1157,83,B,A,B,A,B,,507.0,비해당,,,
EMP1158,88,A,A,A,A,B,,770.0,비해당,,,
EMP1159,75,B,B,B,B,B,,,비해당,,,
EMP1160,74,,,D,C,B,빅데이터분석기사,,해당,,,
EMP1161,77,B,B,C,B,C,,679.0,비해당,,,
EMP1162,81,B,B,B,A,B,,,비해당,,,
EMP1163,79,,,C,B,B,,,비해당,,,
EMP1164,84,B,B,A,A,B,,,비해당,,,
EMP1165,76,,,C,B,B,,679.0,비해당,,,
EMP1166,90,S,A,B,S,B,,765.0,비해당,,,
EMP1167,85,A,C,B,B,B,,797.0,비해당,팀워크상,,
EMP1168,76,,,,,,,,비해당,팀워크상,,
EMP1169,79,B,B,C,C,B,,,비해당,,,
EMP1170,63,,,,,,리눅스마스터,,해당,팀워크상,,
EMP1171,92,A,A,A,A,A,컴퓨터활용능력1급,696.0,해당,,,
EMP1172,74,B,D,C,B,B,,,비해당,MVP,,
EMP1173,67,,,,C,C,정보보안기사,,해당,,,
EMP1174,76,,,B,B,B,ADsP,550.0,해당,,,
EMP1175,85,B,B,B,A,A,,976.0,비해당,,,
EMP1176,82,B,B,B,B,B,리눅스마스터,667.0,해당,MVP,,
EMP1177,77,D,C,B,C,C,,,비해당,,,
EMP1178,91,A,A,S,A,A,정보보안기사,,해당,,,
EMP1179,72,,B,B,D,C,,603.0,비해당,,,
EMP1180,61,,,,,,정보보안기사,814.0,해당,,,
EMP1181,66,,,,,,리눅스마스터,,해당,,,
EMP1182,73,C,B,B,B,C,컴퓨터활용능력1급,,해당,,,
EMP1183,83,A,B,B,B,A,컴퓨터활용능력1급,,해당,공로상,,
EMP1184,78,C,B,B,B,B,ADsP,756.0,해당,,,
EMP1185,69,,,,,,정보처리기사,632.0,해당,,,
EMP1186,61,,,,,,,780.0,비해당,,,
EMP1187,78,,,,C,C,리눅스마스터,,해당,,,
EMP1188,72,,,,,B,,,비해당,,,
EMP1189,93,A,A,B,A,A,,787.0,비해당,,,
EMP1190,97,S,S,S,S,S,ADsP,,해당,,,
EMP1191,75,,,,,B,,,비해당,우수사원상,,
EMP1192,90,B,A,B,A,A,AWS Solutions Architect,756.0,해당,우수사원상,,
EMP1193,90,A,A,A,A,S,ADsP,901.0,해당,,,
EMP1194,87,B,B,B,B,B,,,비해당,,,
EMP1195,67,,,,,C,,963.0,비해당,,,
EMP1196,86,A,A,B,B,A,,885.0,비해당,,,
EMP1197,90,A,A,A,A,S,,837.0,비해당,공로상,감봉,복무규정위반
EMP1198,74,,,C,B,B,,776.0,비해당,팀워크상,,
EMP1199,74,,B,B,B,C,AWS Solutions Architect,,해당,,,
EMP1200,82,B,B,B,B,B,,,비해당,,,
EMP1201,78,,,,D,D,,640.0,비해당,,,
EMP1202,74,,,D,B,B,,534.0,비해당,,,
EMP1203,60,,,,C,C,SQLD,,해당,,,
EMP1204,86,B,B,A,B,B,,,비해당,,,
EMP1205,94,A,A,B,A,A,SQLD,,해당,,,
EMP1206,74,,D,B,B,C,,746.0,비해당,,,
EMP1207,76,,C,C,D,B,,691.0,비해당,,,
EMP1208,70,,,,,,ADsP,816.0,해당,,,
EMP1209,76,B,B,B,B,B,,,비해당,,,
EMP1210,82,C,B,B,C,B,컴퓨터활용능력1급,802.0,해당,,,
EMP1211,87,A,B,B,A,B,,776.0,비해당,,,
EMP1212,81,C,B,B,B,B,,704.0,비해당,,,
EMP1213,80,,B,B,B,B,,,비해당,,,
EMP1214,95,S,S,S,S,S,,771.0,비해당,우수사원상,,
EMP1215,66,,,C,C,C,빅데이터분석기사,,해당,,,
EMP1216,64,,,,,,,839.0,비해당,,,
EMP1217,62,,,,,,정보처리기사,,해당,,,
EMP1218,77,,,,,,,566.0,비해당,,,
EMP1219,68,,,C,C,B,리눅스마스터,553.0,해당,,,
EMP1220,68,,,,D,C,정보처리기사,607.0,해당,팀워크상,,
EMP1221,79,C,B,B,B,B,,,비해당,,,
EMP1222,79,C,C,B,C,B,컴퓨터활용능력1급,,해당,,,
EMP1223,83,B,B,A,B,B,빅데이터분석기사,,해당,,,
EMP1224,79,C,B,C,B,B,,,비해당,,,
EMP1225,69,,,,,,,780.0,비해당,,,
EMP1226,60,,,,,,,,비해당,,,
EMP1227,82,A,B,B,A,B,,765.0,비해당,,,
EMP1228,78,,,,,,리눅스마스터,673.0,해당,,,
EMP1229,82,C,A,A,B,B,SQLD,588.0,해당,,,
EMP1230,81,A,B,B,C,B,리눅스마스터,,해당,,,
EMP1231,76,,,B,C,C,,889.0,비해당,,,
EMP1232,90,A,A,B,A,B,,938.0,비해당,,,
EMP1233,82,,,B,A,B,,518.0,비해당,,,
EMP1234,76,,,,,,,985.0,비해당,,,
EMP1235,68,,,,,,정보처리기사,,해당,MVP,,
EMP1236,77,C,B,B,C,B,컴퓨터활용능력1급,,해당,,,
EMP1237,76,C,B,B,C,B,,837.0,비해당,,,
EMP1238,95,S,S,S,S,S,컴퓨터활용능력1급,742.0,해당,,,
EMP1239,93,A,A,A,A,A,,868.0,비해당,,,
EMP1240,86,C,B,B,A,A,ADsP,910.0,해당,팀워크상,,
EMP1241,76,B,C,D,C,B,,,비해당,,,
EMP1242,74,C,B,B,C,B,컴퓨터활용능력1급,869.0,해당,공로상,,
EMP1243,67,,,,,,,,비해당,,,
EMP1244,68,,,,B,B,,,비해당,,,
EMP1245,85,B,B,B,B,C,정보처리기사,,해당,,,
EMP1246,74,,,,,,컴퓨터활용능력1급,732.0,해당,,,
EMP1247,87,A,A,B,B,A,,511.0,비해당,,,
EMP1248,83,B,B,B,C,B,빅데이터분석기사,,해당,,,
EMP1249,91,A,A,A,A,S,정보처리기사,510.0,해당,,정직,지각반복
EMP1250,63,,,C,C,D,정보보안기사,,해당,,,
EMP1251,82,A,B,A,C,A,리눅스마스터,,해당,,경고,업무태만
EMP1252,75,C,B,B,B,C,정보보안기사,886.0,해당,,,
EMP1253,71,,,C,C,C,리눅스마스터,933.0,해당,,,
EMP1254,97,A,S,S,S,S,ADsP,,해당,,,
EMP1255,76,,C,C,B,B,정보보안기사,915.0,해당,팀워크상,,
EMP1256,75,C,B,B,C,B,,,비해당,,,
EMP1257,73,,,,,,빅데이터분석기사,951.0,해당,,,
EMP1258,76,,,,B,B,,,비해당,공로상,,
EMP1259,72,,,,,B,,795.0,비해당,,,
EMP1260,78,,,,,C,,950.0,비해당,,,
EMP1261,73,,,B,B,D,,554.0,비해당,공로상,,
EMP1262,90,S,A,S,A,B,정보처리기사,794.0,해당,,,
EMP1263,89,A,S,A,B,A,,,비해당,,,
EMP1264,74,,,B,B,B,,585.0,비해당,,,
EMP1265,63,,,,,,ADsP,607.0,해당,,,
EMP1266,67,,,,,,,,비해당,,,
EMP1267,84,C,B,B,B,B,AWS Solutions Architect,,해당,,,
EMP1268,74,C,B,B,B,B,정보처리기사,687.0,해당,,정직,업무태만
EMP1269,63,,,,C,C,,888.0,비해당,공로상,,
EMP1270,88,B,A,A,A,A,ADsP,657.0,해당,공로상,,
EMP1271,70,,,,C,C,AWS Solutions Architect,644.0,해당,,,
EMP1272,78,D,B,B,D,B,,,비해당,,,
EMP1273,85,B,B,B,B,B,SQLD,673.0,해당,,감봉,복무규정위반
EMP1274,75,,,,,,,645.0,비해당,,,
EMP1275,96,S,S,S,S,S,SQLD,,해당,,감봉,복무규정위반
EMP1276,90,A,B,S,A,A,,564.0,비해당,,감봉,지각반복
EMP1277,76,,,,,B,정보보안기사,522.0,해당,,,
EMP1278,93,A,A,A,B,A,,,비해당,,,
EMP1279,65,,,,,,ADsP,,해당,,,
EMP1280,82,B,B,B,B,A,빅데이터분석기사,923.0,해당,,,
EMP1281,90,A,A,A,A,A,,,비해당,,,
EMP1282,66,,,,,,,,비해당,,,
EMP1283,85,B,B,B,A,B,빅데이터분석기사,513.0,해당,,,
EMP1284,85,B,C,A,B,B,컴퓨터활용능력1급,,해당,MVP,,
EMP1285,62,,,,C,C,빅데이터분석기사,,해당,,,
EMP1286,63,,,C,C,D,빅데이터분석기사,613.0,해당,,,
EMP1287,85,A,B,B,A,B,,531.0,비해당,,,
EMP1288,85,A,A,B,B,B,ADsP,,해당,,,
EMP1289,79,B,B,B,B,B,정보처리기사,,해당,,,
EMP1290,93,A,A,A,A,A,AWS Solutions Architect,549.0,해당,공로상,경고,지각반복
EMP1291,85,A,B,B,B,B,,845.0,비해당,,,
EMP1292,77,,,,,,AWS Solutions Architect,,해당,우수사원상,,
EMP1293,74,C,B,C,B,C,SQLD,,해당,,,
EMP1294,90,A,A,A,A,A,빅데이터분석기사,,해당,,,
EMP1295,75,,,C,C,B,ADsP,,해당,,,
EMP1296,71,C,C,D,C,B,,618.0,비해당,우수사원상,,
EMP1297,79,C,B,C,C,C,,,비해당,,경고,업무태만
EMP1298,64,,,,,D,,944.0,비해당,,,
EMP1299,77,C,B,B,C,C,,,비해당,,,
EMP1300,82,A,B,B,B,B,AWS Solutions Architect,848.0,해당,,,
EMP1301,70,,,,,,빅데이터분석기사,,해당,,,
EMP1302,66,,,,,,ADsP,520.0,해당,,,
EMP1303,77,B,B,C,B,B,,578.0,비해당,,,
EMP1304,79,B,B,B,B,B,ADsP,634.0,해당,,,
EMP1305,67,,,,,D,,633.0,비해당,,,
EMP1306,87,A,C,C,B,B,,772.0,비해당,공로상,,
EMP1307,85,C,B,B,C,C,,,비해당,,,
EMP1308,82,,B,B,B,B,정보보안기사,,해당,,,
EMP1309,76,,,,,,정보보안기사,,해당,,,
EMP1310,77,C,B,B,B,B,정보보안기사,738.0,해당,,,
EMP1311,81,B,B,B,B,B,,952.0,비해당,,,
EMP1312,67,,,,B,C,ADsP,,해당,,,
EMP1313,70,,,,C,C,,,비해당,,,
EMP1314,87,B,B,B,B,A,,539.0,비해당,,,
EMP1315,76,,,B,B,C,SQLD,828.0,해당,MVP,,
EMP1316,91,A,A,B,A,B,AWS Solutions Architect,638.0,해당,,,
EMP1317,89,S,A,B,A,S,,795.0,비해당,,,
EMP1318,74,C,C,C,D,B,AWS Solutions Architect,,해당,,,
EMP1319,60,,,,,,정보처리기사,,해당,공로상,,
EMP1320,86,B,C,B,A,B,빅데이터분석기사,918.0,해당,,,
EMP1321,80,B,B,A,B,C,리눅스마스터,682.0,해당,,,
EMP1322,83,B,B,B,B,B,정보처리기사,785.0,해당,,,
EMP1323,86,B,A,B,B,B,컴퓨터활용능력1급,643.0,해당,,,
EMP1324,75,B,B,B,C,B,,,비해당,,,
EMP1325,66,,,,,,,,비해당,우수사원상,,
EMP1326,81,B,B,B,B,A,정보처리기사,544.0,해당,MVP,,
EMP1327,63,,,,,,,821.0,비해당,,,
EMP1328,66,,,,,,정보처리기사,651.0,해당,,,
EMP1329,81,B,C,B,B,B,AWS Solutions Architect,989.0,해당,,,
EMP1330,82,B,B,C,C,A,컴퓨터활용능력1급,968.0,해당,팀워크상,,
EMP1331,71,,,B,D,D,빅데이터분석기사,922.0,해당,,,
EMP1332,85,C,A,B,B,B,빅데이터분석기사,832.0,해당,공로상,,
EMP1333,67,,,,,C,,975.0,비해당,,,
EMP1334,82,B,B,B,B,B,,660.0,비해당,,,
EMP1335,81,A,B,B,A,C,,,비해당,,,
EMP1336,76,,,B,C,B,빅데이터분석기사,625.0,해당,,,
EMP1337,81,B,C,B,A,C,ADsP,847.0,해당,,,
EMP1338,75,,,B,C,B,정보보안기사,,해당,MVP,,
EMP1339,82,B,B,B,B,B,,776.0,비해당,,,
EMP1340,86,C,A,B,B,B,,668.0,비해당,,,
EMP1341,62,,,,,,리눅스마스터,,해당,,,
EMP1342,69,,,,C,D,,930.0,비해당,,,
EMP1343,76,,,,,,ADsP,,해당,,,
EMP1344,80,,B,B,C,B,정보처리기사,559.0,해당,,,
EMP1345,86,B,B,B,A,B,정보보안기사,,해당,,,
EMP1346,67,,,C,D,C,,950.0,비해당,,경고,복무규정위반
EMP1347,81,B,B,B,B,B,,,비해당,우수사원상,,
EMP1348,75,,,,,,,,비해당,,,
EMP1349,79,C,B,C,C,B,,,비해당,,,
EMP1350,64,,,,,,,,비해당,,,
EMP1351,66,,,,,,,951.0,비해당,,,
EMP1352,74,B,B,B,C,B,SQLD,,해당,,,
EMP1353,82,B,B,B,B,B,,,비해당,,,
EMP1354,90,A,A,A,A,A,,674.0,비해당,,,
EMP1355,73,,,,B,B,정보보안기사,,해당,,,
EMP1356,87,C,B,A,B,A,컴퓨터활용능력1급,652.0,해당,,,
EMP1357,80,B,B,B,C,B,,,비해당,,,
EMP1358,74,B,B,D,B,D,AWS Solutions Architect,,해당,,,
EMP1359,85,B,B,B,A,A,AWS Solutions Architect,,해당,,,
EMP1360,72,,,,,B,,735.0,비해당,,정직,업무태만
EMP1361,84,B,B,A,B,C,빅데이터분석기사,947.0,해당,,,
EMP1362,86,A,A,C,A,B,,,비해당,,,
EMP1363,86,B,A,B,B,A,,935.0,비해당,,,
EMP1364,83,B,B,C,B,B,SQLD,625.0,해당,,,
EMP1365,78,,,B,B,B,,,비해당,,,
EMP1366,93,B,A,S,A,A,,604.0,비해당,,,
EMP1367,89,A,A,S,A,S,AWS Solutions Architect,,해당,,,
EMP1368,76,,,,B,B,,,비해당,,,
EMP1369,82,B,C,B,B,B,정보보안기사,917.0,해당,,,
EMP1370,78,,,,,B,빅데이터분석기사,,해당,팀워크상,,
EMP1371,91,S,S,A,A,A,정보처리기사,702.0,해당,,정직,업무태만
EMP1372,92,A,S,S,A,S,SQLD,792.0,해당,,,
EMP1373,77,,,,C,B,,,비해당,,,
EMP1374,84,B,B,B,C,B,정보처리기사,,해당,,,
EMP1375,75,,,,C,C,SQLD,768.0,해당,,정직,복무규정위반
EMP1376,85,B,B,B,B,B,,,비해당,,,
EMP1377,74,,B,B,C,B,,869.0,비해당,,,
EMP1378,66,,,,,,ADsP,,해당,,,
EMP1379,72,,,,B,D,빅데이터분석기사,771.0,해당,,,
EMP1380,60,,,,,,,,비해당,,,
EMP1381,71,,,,,C,,533.0,비해당,,,
EMP1382,92,A,A,A,B,A,,,비해당,,감봉,지각반복
EMP1383,96,S,S,A,A,S,,,비해당,,,
EMP1384,86,B,B,B,A,A,,766.0,비해당,,,
EMP1385,76,,,B,D,B,SQLD,846.0,해당,,,
EMP1386,88,A,A,B,A,A,리눅스마스터,,해당,,,
EMP1387,84,C,B,B,A,B,AWS Solutions Architect,865.0,해당,,,
EMP1388,79,C,B,B,B,B,리눅스마스터,596.0,해당,,,
EMP1389,69,,,,,,SQLD,,해당,,,
EMP1390,75,B,B,B,D,C,,,비해당,,,
EMP1391,81,B,B,B,A,A,,,비해당,팀워크상,,
EMP1392,63,,,,C,D,AWS Solutions Architect,,해당,,,
EMP1393,75,,,,,,,,비해당,,,
EMP1394,99,S,S,S,A,S,,985.0,비해당,우수사원상,감봉,지각반복
EMP1395,77,,C,B,B,B,리눅스마스터,583.0,해당,,정직,지각반복
EMP1396,83,B,A,B,A,A,컴퓨터활용능력1급,,해당,,,
EMP1397,81,B,C,B,B,A,,939.0,비해당,,,
EMP1398,80,B,C,B,B,B,컴퓨터활용능력1급,909.0,해당,,정직,업무태만
EMP1399,89,A,S,A,A,A,,901.0,비해당,,,
EMP1400,76,,,,D,B,,565.0,비해당,,,
EMP1401,77,B,C,C,C,C,정보처리기사,626.0,해당,,,
EMP1402,86,B,C,B,B,A,리눅스마스터,,해당,,,
EMP1403,75,C,B,B,B,D,정보처리기사,971.0,해당,,,
EMP1404,68,,,,,,,856.0,비해당,,,
EMP1405,88,A,A,A,A,A,,663.0,비해당,,경고,업무태만
EMP1406,92,A,A,B,B,B,,933.0,비해당,공로상,,
EMP1407,65,,,,C,C,AWS Solutions Architect,,해당,,,
EMP1408,83,C,B,B,B,B,,912.0,비해당,,,
EMP1409,68,,,,B,B,정보처리기사,,해당,,,
EMP1410,76,B,C,C,B,C,SQLD,701.0,해당,,,
EMP1411,69,,,,,,빅데이터분석기사,,해당,,,
EMP1412,82,,,,B,A,,802.0,비해당,,,
EMP1413,65,,,,C,C,,743.0,비해당,,,
EMP1414,75,,,,,,AWS Solutions Architect,625.0,해당,,,
EMP1415,89,A,S,B,A,A,,853.0,비해당,,,
EMP1416,75,C,C,B,B,B,SQLD,,해당,,,
EMP1417,80,,,A,B,A,빅데이터분석기사,745.0,해당,공로상,,
EMP1418,85,B,B,B,B,B,,615.0,비해당,,,
EMP1419,75,D,B,B,B,B,정보보안기사,853.0,해당,,,
EMP1420,74,,C,C,C,B,컴퓨터활용능력1급,896.0,해당,공로상,,
EMP1421,90,A,A,A,A,A,,586.0,비해당,,,
EMP1422,80,,,B,B,B,,952.0,비해당,,,
EMP1423,86,B,A,B,A,B,,686.0,비해당,,,
EMP1424,94,A,A,A,A,S,정보처리기사,845.0,해당,,,
EMP1425,80,,,B,B,B,,,비해당,,경고,복무규정위반
EMP1426,81,B,B,B,B,C,리눅스마스터,942.0,해당,공로상,,
EMP1427,82,B,C,B,A,B,,925.0,비해당,,,
EMP1428,69,C,B,C,C,B,정보보안기사,624.0,해당,,,
EMP1429,60,,,,,,,637.0,비해당,,감봉,복무규정위반
EMP1430,62,,,,,,,,비해당,,,
EMP1431,80,,,B,A,B,컴퓨터활용능력1급,,해당,,,
EMP1432,69,B,B,C,C,D,,863.0,비해당,,,
EMP1433,82,B,B,B,B,A,,637.0,비해당,,,
EMP1434,76,,,,B,B,ADsP,,해당,,,
EMP1435,64,,,,,,,871.0,비해당,,,
EMP1436,100,S,A,S,S,A,,757.0,비해당,,,
EMP1437,88,S,A,A,A,S,,761.0,비해당,,,
EMP1438,78,,,,B,C,,951.0,비해당,,,
EMP1439,78,,,,,,ADsP,535.0,해당,,,
EMP1440,83,A,C,B,B,B,,931.0,비해당,,,
EMP1441,75,B,C,B,B,C,AWS Solutions Architect,,해당,,,
EMP1442,83,B,C,B,B,B,,600.0,비해당,,,
EMP1443,82,B,B,B,B,B,,,비해당,,,
EMP1444,77,,B,B,C,C,,559.0,비해당,,,
EMP1445,77,,,,,,,810.0,비해당,,감봉,지각반복
EMP1446,77,B,C,C,B,B,SQLD,,해당,,,
EMP1447,67,,,C,B,C,정보보안기사,,해당,,,
EMP1448,74,B,B,B,B,D,ADsP,638.0,해당,공로상,,
EMP1449,80,B,B,B,B,B,,,비해당,,,
EMP1450,80,A,A,B,B,C,정보처리기사,533.0,해당,,,
EMP1451,94,A,A,B,A,B,컴퓨터활용능력1급,514.0,해당,,,
EMP1452,73,,,,C,C,정보보안기사,,해당,,,
EMP1453,95,S,S,S,S,S,정보처리기사,,해당,,,
EMP1454,70,,C,C,C,C,빅데이터분석기사,617.0,해당,,,
EMP1455,89,A,S,B,A,B,,518.0,비해당,,,
EMP1456,93,A,A,S,A,A,,577.0,비해당,,,
EMP1457,75,B,C,C,C,B,,,비해당,,,
EMP1458,70,,,,C,C,리눅스마스터,,해당,,,
EMP1459,70,,,,C,C,,853.0,비해당,,,
EMP1460,88,A,A,S,S,A,AWS Solutions Architect,747.0,해당,,,
EMP1461,86,B,B,B,B,B,,,비해당,,,
EMP1462,78,B,B,C,C,B,빅데이터분석기사,641.0,해당,,,
EMP1463,82,B,B,B,B,B,,551.0,비해당,,경고,업무태만
EMP1464,72,B,B,B,C,C,AWS Solutions Architect,639.0,해당,팀워크상,,
EMP1465,79,,B,C,B,C,리눅스마스터,,해당,,,
EMP1466,84,B,A,B,B,B,ADsP,651.0,해당,,,
EMP1467,70,C,C,B,C,C,,,비해당,우수사원상,,
EMP1468,86,B,B,B,B,B,정보처리기사,767.0,해당,,,
EMP1469,80,A,B,A,A,B,빅데이터분석기사,,해당,,,
EMP1470,80,B,B,B,B,A,ADsP,,해당,,,
EMP1471,66,,,,C,C,,756.0,비해당,,,
EMP1472,78,B,C,B,B,B,,,비해당,,,
EMP1473,68,,,B,B,C,빅데이터분석기사,,해당,,,
EMP1474,75,,,,B,B,,828.0,비해당,팀워크상,,
EMP1475,88,S,A,A,A,S,,,비해당,,,
EMP1476,64,,,,,,ADsP,,해당,MVP,,
EMP1477,76,,,,,,,,비해당,,,
EMP1478,79,,,B,B,B,,530.0,비해당,팀워크상,,
EMP1479,69,,,,,,,981.0,비해당,,,
EMP1480,68,,,,C,B,,815.0,비해당,,,
EMP1481,67,,,,,,,,비해당,,,
EMP1482,91,A,A,A,A,B,,953.0,비해당,,감봉,업무태만
EMP1483,86,B,B,C,A,B,,564.0,비해당,,,
EMP1484,88,A,B,A,A,A,,771.0,비해당,,,
EMP1485,77,,,B,B,C,컴퓨터활용능력1급,821.0,해당,,,
EMP1486,76,,,,,,,813.0,비해당,,,
EMP1487,74,,,,,B,리눅스마스터,,해당,,,
EMP1488,84,B,B,B,B,B,AWS Solutions Architect,559.0,해당,,,
EMP1489,79,B,D,B,B,B,,851.0,비해당,,,
EMP1490,70,B,C,D,C,C,,890.0,비해당,,,
EMP1491,78,C,C,B,B,C,컴퓨터활용능력1급,951.0,해당,,,
EMP1492,76,B,C,B,B,B,정보처리기사,,해당,,,
EMP1493,83,B,A,B,A,A,컴퓨터활용능력1급,752.0,해당,,,
EMP1494,62,,,,D,C,,952.0,비해당,MVP,,
EMP1495,74,C,B,C,B,B,,666.0,비해당,,,
EMP1496,86,B,B,B,B,C,정보보안기사,716.0,해당,,,
EMP1497,75,C,D,B,B,B,AWS Solutions Architect,,해당,,,
EMP1498,62,,,,,,,632.0,비해당,,,
EMP1499,82,,,,B,B,리눅스마스터,,해당,,,
EMP1500,68,,,,,,,613.0,비해당,,,
EMP1501,80,B,B,B,B,A,SQLD,711.0,해당,,,
EMP1502,83,B,B,B,B,A,정보처리기사,982.0,해당,,,
EMP1503,83,,,,B,A,정보보안기사,918.0,해당,우수사원상,,
EMP1504,67,,,,,,,,비해당,,,
EMP1505,74,B,B,B,B,B,ADsP,,해당,,,
EMP1506,69,,,,,C,빅데이터분석기사,778.0,해당,,,
EMP1507,90,A,A,S,A,S,빅데이터분석기사,,해당,,,
EMP1508,76,B,C,B,B,B,,,비해당,,,
EMP1509,63,,,,,,리눅스마스터,674.0,해당,,,
EMP1510,68,,,D,C,C,,946.0,비해당,,,
EMP1511,76,,,,,,,726.0,비해당,,,
EMP1512,80,A,B,B,A,B,AWS Solutions Architect,,해당,팀워크상,,
EMP1513,77,B,B,B,C,B,,713.0,비해당,,,
EMP1514,79,C,C,B,C,C,,504.0,비해당,,,
EMP1515,82,B,A,B,B,C,정보보안기사,,해당,,,
EMP1516,76,B,B,B,B,C,,,비해당,,,
EMP1517,79,B,C,B,B,B,리눅스마스터,,해당,,,
EMP1518,82,B,B,B,B,B,ADsP,531.0,해당,,,
EMP1519,83,A,B,B,B,A,,,비해당,,,
EMP1520,80,C,B,B,B,B,ADsP,,해당,,,
EMP1521,76,C,B,C,C,C,,974.0,비해당,,,
EMP1522,76,,C,C,B,B,빅데이터분석기사,,해당,,,
EMP1523,93,A,B,A,A,A,,,비해당,,,
EMP1524,70,,,,,,ADsP,900.0,해당,우수사원상,,
EMP1525,86,B,C,B,B,B,ADsP,826.0,해당,,,
EMP1526,85,B,B,B,C,B,정보처리기사,,해당,,,
EMP1527,84,B,B,B,B,C,,728.0,비해당,,,
EMP1528,69,,,,,,정보보안기사,747.0,해당,,,
EMP1529,80,B,A,B,B,A,SQLD,,해당,,,
EMP1530,82,B,B,B,B,A,SQLD,,해당,,,
EMP1531,87,B,A,A,B,C,,966.0,비해당,,,
EMP1532,74,,,C,B,B,컴퓨터활용능력1급,,해당,,,
EMP1533,82,B,B,B,B,A,,988.0,비해당,,,
EMP1534,85,A,B,B,B,B,,669.0,비해당,,,
EMP1535,78,B,B,B,B,C,,611.0,비해당,,,
EMP1536,79,B,B,B,B,C,,,비해당,,,
EMP1537,87,B,B,C,C,B,,625.0,비해당,,,
EMP1538,88,A,S,A,S,A,,834.0,비해당,,,
EMP1539,60,,,,,,ADsP,,해당,,정직,업무태만
EMP1540,75,C,D,C,B,B,정보보안기사,624.0,해당,,,
EMP1541,84,B,A,B,C,B,리눅스마스터,,해당,,,
EMP1542,65,,,,,,정보처리기사,885.0,해당,공로상,,
EMP1543,67,,,,,,,617.0,비해당,,,
EMP1544,75,B,B,C,C,C,,774.0,비해당,,,
EMP1545,82,B,C,B,A,B,,,비해당,우수사원상,,
EMP1546,68,,,,C,C,ADsP,615.0,해당,,,
EMP1547,83,B,A,A,A,B,,,비해당,,,
EMP1548,85,B,B,B,B,B,,,비해당,,,
EMP1549,92,A,A,A,A,A,리눅스마스터,,해당,팀워크상,,
EMP1550,82,B,B,C,B,A,컴퓨터활용능력1급,626.0,해당,,,
EMP1551,69,,C,D,C,D,AWS Solutions Architect,,해당,,,
EMP1552,70,C,C,B,C,D,ADsP,,해당,,,
EMP1553,91,A,A,A,A,A,정보처리기사,736.0,해당,,,
EMP1554,74,,,,B,C,AWS Solutions Architect,,해당,,,
EMP1555,72,,,,,,AWS Solutions Architect,818.0,해당,팀워크상,,
EMP1556,84,A,B,B,C,A,SQLD,,해당,,,
EMP1557,62,,,D,C,C,,934.0,비해당,,,
EMP1558,71,,,C,D,C,,898.0,비해당,,,
EMP1559,72,B,B,B,C,C,,,비해당,,,
EMP1560,87,B,B,B,B,B,정보보안기사,785.0,해당,,,
EMP1561,75,,,B,B,B,,699.0,비해당,,,
EMP1562,86,B,C,B,C,B,정보처리기사,,해당,,,
EMP1563,75,,,,,,,988.0,비해당,공로상,,
EMP1564,87,B,B,B,B,A,,,비해당,,,
EMP1565,87,B,B,B,B,B,,,비해당,,,
EMP1566,60,,,,,,빅데이터분석기사,516.0,해당,,,
EMP1567,78,B,B,B,B,C,,790.0,비해당,,,
EMP1568,71,,,,,,정보보안기사,,해당,,,
EMP1569,83,,,,B,B,SQLD,,해당,우수사원상,,
EMP1570,67,,,,C,C,,,비해당,,,
EMP1571,78,,,,C,B,SQLD,,해당,,,
EMP1572,68,,,,,C,,548.0,비해당,,,
EMP1573,62,,,,,C,리눅스마스터,516.0,해당,,,
EMP1574,97,,,,A,A,,637.0,비해당,,,
EMP1575,69,,,,,B,,562.0,비해당,우수사원상,,
EMP1576,82,,,,,,,750.0,비해당,,,
EMP1577,72,,,B,B,C,,738.0,비해당,,,
EMP1578,82,,,,,B,,,비해당,공로상,,
EMP1579,97,,,,,,,930.0,비해당,,,
EMP1580,82,,,A,A,B,리눅스마스터,,해당,,,
EMP1581,61,,,,C,C,정보보안기사,953.0,해당,,,
EMP1582,81,,,B,A,B,정보보안기사,,해당,,,
EMP1583,75,,,,,,,507.0,비해당,,,
EMP1584,87,,,A,B,B,,982.0,비해당,,,
EMP1585,74,,,,,,,765.0,비해당,팀워크상,,
EMP1586,63,,,,,,,,비해당,,경고,지각반복
EMP1587,85,,,,,A,정보처리기사,913.0,해당,,,
EMP1588,83,,,A,B,B,,,비해당,,,
EMP1589,87,,,,,,,919.0,비해당,,,
EMP1590,89,,,,,A,리눅스마스터,,해당,,,
EMP1591,83,,,B,B,B,리눅스마스터,539.0,해당,,,
EMP1592,73,,,,B,C,,953.0,비해당,,,
EMP1593,85,,,,,,리눅스마스터,,해당,,,
EMP1594,83,,,,B,A,AWS Solutions Architect,,해당,,,
EMP1595,66,,,C,C,B,,721.0,비해당,,,
EMP1596,75,,,,,,,,비해당,,,
EMP1597,75,,,,,B,,,비해당,MVP,,
EMP1598,73,,,,,C,컴퓨터활용능력1급,543.0,해당,,,
EMP1599,68,,,,,,정보처리기사,,해당,,,
EMP1600,80,,,,,B,정보처리기사,,해당,,,
EMP1601,70,,,,B,B,,923.0,비해당,,,
EMP1602,90,,,,,A,,,비해당,,,
EMP1603,69,,,C,C,C,,719.0,비해당,공로상,,
EMP1604,80,,,,,B,정보보안기사,,해당,,,
EMP1605,91,,,,,,AWS Solutions Architect,641.0,해당,,,
EMP1606,71,,,,C,C,,692.0,비해당,,,
EMP1607,84,,,B,B,B,정보처리기사,,해당,,,
EMP1608,93,,,,,A,빅데이터분석기사,656.0,해당,,,
EMP1609,91,,,,,,,713.0,비해당,,,
EMP1610,79,,,B,C,C,,,비해당,,,
EMP1611,73,,,,C,B,리눅스마스터,552.0,해당,,,
EMP1612,78,,,,,,,577.0,비해당,,,
EMP1613,83,,,,,,,,비해당,,정직,업무태만
EMP1614,82,,,,,,,,비해당,,,
EMP1615,79,,,,,,정보보안기사,,해당,,,
EMP1616,78,,,,,,,909.0,비해당,,,
EMP1617,78,,,,,B,정보보안기사,931.0,해당,,,
EMP1618,75,,,B,C,B,정보보안기사,800.0,해당,,,
EMP1619,78,,,,,B,,556.0,비해당,,,
EMP1620,81,,,,,,,,비해당,,,
EMP1621,74,,,,C,C,빅데이터분석기사,,해당,,,
EMP1622,76,,,,C,B,정보처리기사,696.0,해당,,,
EMP1623,61,,,,,,,767.0,비해당,,,
EMP1624,78,,,B,D,B,,,비해당,,,
EMP1625,82,,,,,B,리눅스마스터,608.0,해당,,,
EMP1626,76,,,,B,C,SQLD,803.0,해당,,,
EMP1627,72,,,,,,,974.0,비해당,MVP,,
EMP1628,76,,,B,B,B,컴퓨터활용능력1급,714.0,해당,,,
EMP1629,79,,,,,C,,762.0,비해당,,,
EMP1630,96,,,,,,,566.0,비해당,,,
EMP1631,76,,,,,,,801.0,비해당,MVP,,
EMP1632,86,,,,,B,,,비해당,,경고,업무태만
EMP1633,77,,,,,,,552.0,비해당,,,
EMP1634,78,,,,B,C,리눅스마스터,,해당,,,
EMP1635,75,,,,C,B,,743.0,비해당,MVP,정직,지각반복
EMP1636,77,,,,,B,,502.0,비해당,,,
EMP1637,92,,,A,A,A,,563.0,비해당,,,
EMP1638,70,,,,,,정보처리기사,,해당,,,
EMP1639,76,,,,B,B,,,비해당,우수사원상,,
EMP1640,88,,,A,B,A,정보보안기사,,해당,,,
EMP1641,75,,,,B,C,,845.0,비해당,,,
EMP1642,80,,,,,B,정보처리기사,837.0,해당,MVP,,
EMP1643,76,,,B,B,B,AWS Solutions Architect,,해당,,정직,복무규정위반
EMP1644,85,,,,,B,,786.0,비해당,,,
EMP1645,87,,,,,C,,866.0,비해당,,,
EMP1646,79,,,,C,B,,637.0,비해당,우수사원상,,
EMP1647,72,,,,,,컴퓨터활용능력1급,989.0,해당,,,
EMP1648,95,,,,S,S,,,비해당,,,
EMP1649,62,,,,,,정보처리기사,886.0,해당,팀워크상,,
EMP1650,63,,,,,,ADsP,,해당,공로상,,
EMP1651,83,,,,A,B,,,비해당,,감봉,업무태만
EMP1652,79,,,,C,B,,,비해당,,,
EMP1653,82,,,,B,B,,811.0,비해당,,,
EMP1654,74,,,B,C,C,정보보안기사,618.0,해당,,,
EMP1655,66,,,,,,,,비해당,,,
EMP1656,63,,,,,,,828.0,비해당,팀워크상,,
EMP1657,85,,,,,,리눅스마스터,,해당,,,
EMP1658,77,,,,B,B,,,비해당,,,
EMP1659,84,,,,,,,820.0,비해당,,,
EMP1660,76,,,,,,,,비해당,,,
EMP1661,85,,,,,,,,비해당,MVP,,
EMP1662,75,,,,,C,,649.0,비해당,우수사원상,,
EMP1663,80,,,,B,B,AWS Solutions Architect,853.0,해당,,경고,업무태만
EMP1664,76,,,,,,정보처리기사,979.0,해당,,,
EMP1665,82,,,B,B,B,,,비해당,,,
EMP1666,96,,,,,,,660.0,비해당,,,
EMP1667,78,,,,,,정보보안기사,,해당,,,
EMP1668,74,,,,,,,550.0,비해당,,,
EMP1669,71,,,,D,D,리눅스마스터,949.0,해당,,,
EMP1670,60,,,,,,정보보안기사,823.0,해당,,,
EMP1671,68,,,,,D,정보처리기사,835.0,해당,,,
EMP1672,71,,,,,D,,560.0,비해당,,,
EMP1673,69,,,,,,ADsP,885.0,해당,팀워크상,,
EMP1674,74,,,,,C,,,비해당,,,
EMP1675,68,,,,,,,,비해당,,,
EMP1676,75,,,,,B,리눅스마스터,,해당,,,
EMP1677,82,,,B,C,C,,953.0,비해당,팀워크상,,
EMP1678,87,,,,,,,688.0,비해당,공로상,,
EMP1679,74,,,,B,C,,810.0,비해당,,,
EMP1680,79,,,,,B,,663.0,비해당,,,
EMP1681,78,,,,,,리눅스마스터,,해당,,,
EMP1682,86,,,,,,,875.0,비해당,,,
EMP1683,79,,,,D,C,AWS Solutions Architect,636.0,해당,,,
EMP1684,63,,,,,,,760.0,비해당,,,
EMP1685,73,,,,,,정보처리기사,,해당,,,
EMP1686,89,,,,,A,SQLD,,해당,,정직,복무규정위반
EMP1687,60,,,,,D,,,비해당,팀워크상,,
EMP1688,81,,,,A,B,정보처리기사,534.0,해당,,,
EMP1689,88,,,,,,리눅스마스터,674.0,해당,,,
EMP1690,79,,,,,C,정보처리기사,,해당,,,
EMP1691,74,,,,,,,553.0,비해당,,,
EMP1692,74,,,,,D,,,비해당,,,
EMP1693,69,,,,,,ADsP,974.0,해당,,,
EMP1694,89,,,,,A,ADsP,,해당,,,
EMP1695,79,,,,,,,,비해당,,,
EMP1696,68,,C,C,C,B,,595.0,비해당,,,
EMP1697,77,B,D,C,C,B,,,비해당,,,
EMP1698,65,C,C,C,C,D,SQLD,726.0,해당,우수사원상,,
EMP1699,68,,,,,B,컴퓨터활용능력1급,624.0,해당,공로상,,
EMP1700,83,,,,,B,정보처리기사,,해당,,,
EMP1701,73,B,B,C,B,C,,,비해당,팀워크상,,
EMP1702,68,,,,C,C,,,비해당,,감봉,업무태만
EMP1703,83,C,B,B,A,B,컴퓨터활용능력1급,,해당,,경고,지각반복
EMP1704,74,,,,B,C,빅데이터분석기사,,해당,,,
EMP1705,82,,,,,B,,528.0,비해당,,,
EMP1706,85,,,B,B,B,,,비해당,,,
EMP1707,78,,,,B,B,SQLD,,해당,팀워크상,,
EMP1708,72,,,B,C,C,,989.0,비해당,,,
EMP1709,76,,,,,B,정보처리기사,916.0,해당,,감봉,업무태만
EMP1710,77,,C,C,B,C,,895.0,비해당,,,
EMP1711,69,,C,C,B,C,리눅스마스터,,해당,,,
EMP1712,73,C,C,D,B,B,,,비해당,,,
EMP1713,85,,,,,A,,887.0,비해당,공로상,,
EMP1714,71,,,,D,C,ADsP,,해당,,,
EMP1715,81,B,A,B,B,B,정보보안기사,,해당,,,
EMP1716,60,,C,D,D,C,정보보안기사,651.0,해당,MVP,,
EMP1717,86,,,,A,B,,919.0,비해당,,,
EMP1718,73,,,,B,C,,,비해당,,,
EMP1719,86,,,,B,B,,920.0,비해당,팀워크상,,
EMP1720,90,,A,B,A,A,,501.0,비해당,우수사원상,,
EMP1721,70,,B,C,C,C,,507.0,비해당,,정직,업무태만
EMP1722,79,B,B,B,B,C,,725.0,비해당,,,
EMP1723,82,A,B,B,B,C,ADsP,,해당,,,
EMP1724,73,,,,B,B,,580.0,비해당,우수사원상,,
EMP1725,71,,,,,C,,,비해당,,,
EMP1726,65,,,C,B,C,컴퓨터활용능력1급,861.0,해당,,,
EMP1727,68,,,B,D,C,,578.0,비해당,,,
EMP1728,75,D,B,B,B,C,,,비해당,,,
EMP1729,72,,B,B,B,B,,,비해당,,,
EMP1730,83,B,B,B,B,A,,514.0,비해당,,,
EMP1731,81,C,B,A,B,B,,,비해당,,,
EMP1732,76,,B,B,B,B,,,비해당,MVP,,
EMP1733,63,C,D,D,D,C,,957.0,비해당,,,
EMP1734,83,B,B,B,B,B,,,비해당,,,
EMP1735,74,B,B,B,D,B,,,비해당,,,
EMP1736,82,,,,A,B,,795.0,비해당,,,
EMP1737,89,A,A,A,A,A,,,비해당,,,
EMP1738,68,,C,C,C,B,빅데이터분석기사,,해당,,,
EMP1739,75,B,B,B,B,B,,649.0,비해당,,,
EMP1740,77,,,,B,D,컴퓨터활용능력1급,,해당,,,
EMP1741,88,A,A,B,A,B,정보보안기사,,해당,,,
EMP1742,73,,C,C,B,B,,571.0,비해당,,,
EMP1743,85,,A,B,B,B,빅데이터분석기사,,해당,,,
EMP1744,83,B,B,B,A,B,,,비해당,,,
EMP1745,88,,,A,B,A,,526.0,비해당,,,
EMP1746,85,A,B,C,B,B,컴퓨터활용능력1급,,해당,,,
EMP1747,75,,B,B,B,B,,,비해당,,,
EMP1748,85,,,,B,B,,880.0,비해당,,,
EMP1749,81,B,A,B,A,B,AWS Solutions Architect,851.0,해당,,,
EMP1750,65,,,C,C,C,빅데이터분석기사,,해당,팀워크상,,
EMP1751,94,,B,A,A,A,정보처리기사,,해당,,,
EMP1752,100,,,S,A,S,AWS Solutions Architect,758.0,해당,,,
EMP1753,84,,A,A,B,B,컴퓨터활용능력1급,606.0,해당,,,
EMP1754,68,C,B,C,C,C,ADsP,,해당,,,
EMP1755,81,B,A,B,B,B,,,비해당,,,
EMP1756,71,,,C,C,B,,,비해당,,,
EMP1757,75,B,B,C,C,B,빅데이터분석기사,674.0,해당,,,
EMP1758,82,,,,B,C,,,비해당,,,
EMP1759,90,S,S,A,A,A,,677.0,비해당,,,
EMP1760,67,,D,C,C,C,리눅스마스터,840.0,해당,,,
EMP1761,87,,,,B,B,,534.0,비해당,공로상,경고,지각반복
EMP1762,82,A,B,B,B,A,ADsP,942.0,해당,,,
EMP1763,77,,,C,B,D,정보보안기사,813.0,해당,우수사원상,,
EMP1764,82,,,C,B,B,,,비해당,,,
EMP1765,81,B,B,B,B,A,,,비해당,,,
EMP1766,79,,,C,B,B,,,비해당,,,
EMP1767,63,,,,,D,SQLD,987.0,해당,,,
EMP1768,74,B,C,B,B,C,,,비해당,,,
EMP1769,78,,,,,B,,,비해당,팀워크상,,
EMP1770,80,C,A,B,B,B,리눅스마스터,809.0,해당,,,
EMP1771,72,C,C,C,B,C,,750.0,비해당,,경고,지각반복
EMP1772,82,,,,B,A,,689.0,비해당,,,
EMP1773,74,B,B,B,B,B,,546.0,비해당,,,
EMP1774,69,C,C,D,C,C,ADsP,,해당,,,
EMP1775,63,C,D,C,C,D,,,비해당,,,
EMP1776,85,A,B,B,C,B,리눅스마스터,890.0,해당,,,
EMP1777,88,,A,A,A,A,,,비해당,,,
EMP1778,73,,,B,B,C,,572.0,비해당,,,
EMP1779,65,B,D,B,C,C,,,비해당,,,
EMP1780,83,B,B,B,B,B,AWS Solutions Architect,858.0,해당,,,
EMP1781,63,D,D,D,D,C,정보보안기사,716.0,해당,,,
EMP1782,80,C,B,B,C,B,,800.0,비해당,,,
EMP1783,74,,,,,C,정보보안기사,,해당,공로상,,
EMP1784,91,S,S,B,A,A,,700.0,비해당,,,
EMP1785,78,,,B,B,B,,,비해당,,,
EMP1786,71,C,D,D,B,C,빅데이터분석기사,916.0,해당,,,
EMP1787,82,B,B,C,B,B,SQLD,,해당,,,
EMP1788,90,,,,,A,,,비해당,,,
EMP1789,73,,,B,C,B,,553.0,비해당,,,
EMP1790,70,D,C,C,C,B,SQLD,655.0,해당,,,
EMP1791,91,,,,A,B,빅데이터분석기사,705.0,해당,우수사원상,,
EMP1792,60,,,,,D,빅데이터분석기사,,해당,,,
EMP1793,83,A,B,B,B,B,,,비해당,,,
EMP1794,78,B,C,B,C,C,,677.0,비해당,,,
EMP1795,74,,,,,B,,,비해당,팀워크상,,
EMP1796,67,,,,,B,,682.0,비해당,,,
EMP1797,71,D,C,C,D,D,정보처리기사,,해당,,,
EMP1798,74,,,,,B,빅데이터분석기사,,해당,,정직,복무규정위반
EMP1799,69,C,C,C,C,C,,732.0,비해당,,,
EMP1800,91,A,B,S,A,B,,826.0,비해당,,,
EMP1801,87,,,A,A,B,ADsP,939.0,해당,,,
EMP1802,76,B,B,B,B,B,리눅스마스터,706.0,해당,,,
EMP1803,90,,,,A,B,컴퓨터활용능력1급,847.0,해당,,,
EMP1804,88,,,,A,B,,,비해당,,,
EMP1805,79,C,B,B,B,C,,762.0,비해당,,,
EMP1806,73,,C,B,B,C,ADsP,612.0,해당,,,
EMP1807,92,,A,A,A,A,,,비해당,,,
EMP1808,72,,B,C,C,C,SQLD,,해당,,,
EMP1809,60,,D,C,D,D,AWS Solutions Architect,950.0,해당,우수사원상,정직,복무규정위반
EMP1810,68,,B,B,B,D,,,비해당,,,
EMP1811,86,A,B,A,B,B,빅데이터분석기사,,해당,,,
EMP1812,84,B,B,A,B,B,,757.0,비해당,,,
EMP1813,76,C,B,B,B,C,컴퓨터활용능력1급,910.0,해당,,,
EMP1814,83,B,B,B,B,B,정보처리기사,,해당,,,
EMP1815,69,C,C,C,B,C,정보보안기사,,해당,,,
EMP1816,78,B,B,B,B,B,,,비해당,팀워크상,,
EMP1817,64,,C,D,D,D,리눅스마스터,522.0,해당,,,
EMP1818,79,C,B,B,B,B,,943.0,비해당,,,
EMP1819,85,A,B,A,B,A,컴퓨터활용능력1급,931.0,해당,,,
EMP1820,69,C,D,D,C,B,,525.0,비해당,,,
EMP1821,80,B,B,B,C,B,,759.0,비해당,,,
EMP1822,60,D,D,C,D,D,,903.0,비해당,공로상,,
EMP1823,79,,B,B,B,C,,900.0,비해당,,,
EMP1824,66,C,C,C,C,C,,,비해당,,,
EMP1825,81,B,B,B,B,B,리눅스마스터,677.0,해당,,,
EMP1826,91,A,A,B,B,A,,718.0,비해당,,,
EMP1827,77,B,D,D,B,D,,813.0,비해당,,,
EMP1828,61,D,C,C,C,C,,576.0,비해당,,,
EMP1829,70,C,D,D,C,C,,759.0,비해당,우수사원상,,
EMP1830,85,,B,B,B,B,SQLD,587.0,해당,MVP,,
EMP1831,70,C,C,C,C,C,,919.0,비해당,팀워크상,,
EMP1832,86,B,B,B,B,C,컴퓨터활용능력1급,,해당,우수사원상,,
EMP1833,74,C,B,B,B,C,정보처리기사,591.0,해당,,,
EMP1834,79,B,C,B,B,D,,660.0,비해당,,,
EMP1835,66,C,B,C,B,C,정보처리기사,,해당,,,
EMP1836,77,B,B,B,B,B,,738.0,비해당,,,
EMP1837,76,C,B,B,B,D,,694.0,비해당,,감봉,지각반복
EMP1838,72,,B,C,B,B,,577.0,비해당,,,
EMP1839,70,C,B,B,D,B,정보보안기사,899.0,해당,,,
EMP1840,68,C,D,D,D,D,,640.0,비해당,팀워크상,,
EMP1841,80,,B,B,B,B,ADsP,,해당,,,
EMP1842,66,D,C,D,C,D,,703.0,비해당,팀워크상,,
EMP1843,64,C,D,C,D,C,SQLD,900.0,해당,,,
EMP1844,76,,B,B,B,B,,,비해당,MVP,,
EMP1845,95,S,S,S,A,A,정보보안기사,964.0,해당,우수사원상,,
EMP1846,70,C,B,C,C,D,,506.0,비해당,,,
EMP1847,79,B,B,D,B,C,AWS Solutions Architect,,해당,,,
EMP1848,69,D,C,C,C,D,SQLD,691.0,해당,,,
EMP1849,81,A,A,B,B,A,ADsP,969.0,해당,,,
EMP1850,68,C,C,D,C,C,리눅스마스터,585.0,해당,,,
EMP1851,84,B,B,A,A,B,,,비해당,,,
EMP1852,69,C,D,B,C,B,리눅스마스터,594.0,해당,,,
EMP1853,73,B,B,C,B,B,,783.0,비해당,MVP,,
EMP1854,82,B,B,B,B,A,빅데이터분석기사,,해당,,,
EMP1855,96,S,S,A,S,S,,752.0,비해당,,,
EMP1856,77,B,B,B,C,B,리눅스마스터,503.0,해당,,감봉,업무태만
EMP1857,84,C,B,B,B,A,리눅스마스터,,해당,,,
EMP1858,87,A,B,B,A,B,,532.0,비해당,우수사원상,,
EMP1859,87,C,B,B,B,A,정보처리기사,,해당,,,
EMP1860,66,C,B,C,C,C,AWS Solutions Architect,783.0,해당,,,
EMP1861,78,C,B,B,C,B,,,비해당,공로상,,
EMP1862,69,C,C,C,D,C,정보처리기사,969.0,해당,,,
EMP1863,76,B,B,B,B,B,정보보안기사,,해당,,,
EMP1864,61,C,D,D,D,D,,605.0,비해당,,,
EMP1865,73,D,B,B,B,C,SQLD,,해당,,,
EMP1866,69,B,B,C,B,C,AWS Solutions Architect,,해당,,,
EMP1867,82,B,B,B,A,A,,,비해당,,,
EMP1868,76,,B,C,B,B,,526.0,비해당,,,
EMP1869,86,B,B,C,A,A,ADsP,776.0,해당,,,
EMP1870,84,C,B,A,B,B,리눅스마스터,600.0,해당,,,
EMP1871,75,C,B,B,B,C,SQLD,,해당,,,
EMP1872,95,,S,S,A,S,정보보안기사,768.0,해당,,,
EMP1873,83,C,A,B,B,B,,,비해당,,,
EMP1874,79,C,B,B,B,C,,727.0,비해당,,,
EMP1875,88,A,A,A,A,A,빅데이터분석기사,815.0,해당,,,
EMP1876,85,C,C,A,B,A,,,비해당,,감봉,복무규정위반
EMP1877,63,C,D,D,C,D,,630.0,비해당,,,
EMP1878,89,A,S,S,A,S,,783.0,비해당,,,
EMP1879,76,B,B,C,B,B,,802.0,비해당,우수사원상,,
EMP1880,77,B,B,D,C,B,,649.0,비해당,팀워크상,,
EMP1881,80,A,B,B,A,B,,,비해당,팀워크상,,
EMP1882,77,,B,B,C,C,SQLD,,해당,,,
EMP1883,76,B,B,C,B,B,,975.0,비해당,,,
EMP1884,74,,B,B,B,B,,,비해당,,,
EMP1885,81,B,C,B,B,A,정보보안기사,787.0,해당,,,
EMP1886,77,,C,C,B,B,,837.0,비해당,,,
EMP1887,93,,A,A,B,A,리눅스마스터,591.0,해당,공로상,,
EMP1888,69,C,C,C,C,C,SQLD,,해당,,,
EMP1889,89,A,B,A,B,A,,661.0,비해당,,,
EMP1890,64,C,D,D,D,C,ADsP,525.0,해당,,,
EMP1891,76,B,C,C,B,C,컴퓨터활용능력1급,504.0,해당,,,
EMP1892,69,C,C,B,C,C,,701.0,비해당,,경고,복무규정위반
EMP1893,82,B,B,A,B,B,,749.0,비해당,,,
EMP1894,78,B,B,C,B,C,AWS Solutions Architect,637.0,해당,,,
EMP1895,96,S,S,S,S,S,,812.0,비해당,,,
EMP1896,63,C,C,C,D,D,,578.0,비해당,우수사원상,,
EMP1897,77,C,B,B,D,B,,,비해당,,,
EMP1898,76,B,B,B,C,D,AWS Solutions Architect,982.0,해당,,,
EMP1899,71,D,C,D,C,C,정보보안기사,912.0,해당,,,
EMP1900,65,B,C,C,C,C,,871.0,비해당,,,
EMP1901,68,B,C,C,C,D,,,비해당,,,
EMP1902,87,C,B,B,B,B,정보처리기사,713.0,해당,,,
EMP1903,82,B,C,B,B,B,컴퓨터활용능력1급,726.0,해당,,,
EMP1904,75,B,B,B,C,B,리눅스마스터,,해당,MVP,감봉,지각반복
EMP1905,64,D,D,C,D,C,,989.0,비해당,,,
EMP1906,63,C,D,C,C,C,,,비해당,,,
EMP1907,79,B,C,C,B,B,SQLD,670.0,해당,,,
EMP1908,77,C,B,C,B,B,컴퓨터활용능력1급,781.0,해당,MVP,,
EMP1909,87,B,B,A,B,B,,916.0,비해당,,,
EMP1910,88,S,A,S,S,B,,588.0,비해당,,,
EMP1911,80,A,B,B,C,B,정보처리기사,608.0,해당,,,
EMP1912,80,B,B,B,C,B,리눅스마스터,619.0,해당,,,
EMP1913,67,B,C,C,C,C,,812.0,비해당,,감봉,복무규정위반
EMP1914,75,C,B,B,B,B,,684.0,비해당,,,
EMP1915,78,B,C,B,B,B,,,비해당,,,
EMP1916,87,B,B,B,B,B,리눅스마스터,646.0,해당,,,
EMP1917,63,D,C,C,C,C,ADsP,774.0,해당,,,
EMP1918,80,B,B,B,B,C,,,비해당,,,
EMP1919,87,B,B,B,B,B,빅데이터분석기사,646.0,해당,,,
EMP1920,85,B,A,B,B,B,정보보안기사,729.0,해당,MVP,,
EMP1921,80,B,B,A,B,C,빅데이터분석기사,,해당,,,
EMP1922,88,S,A,A,A,A,리눅스마스터,911.0,해당,,,
EMP1923,73,B,B,B,B,C,정보보안기사,,해당,,,
EMP1924,75,B,B,B,D,B,컴퓨터활용능력1급,,해당,,,
EMP1925,62,D,C,C,D,D,,653.0,비해당,,,
EMP1926,83,B,B,A,B,B,,735.0,비해당,,,
EMP1927,77,D,B,B,B,C,,824.0,비해당,MVP,,
EMP1928,81,B,B,B,B,B,ADsP,,해당,,,
EMP1929,79,B,C,C,B,C,정보보안기사,773.0,해당,,,
EMP1930,72,B,C,B,B,C,,,비해당,,,
EMP1931,85,A,B,B,B,B,컴퓨터활용능력1급,520.0,해당,,,
EMP1932,70,C,C,C,C,B,,891.0,비해당,,,
EMP1933,74,C,C,C,C,B,ADsP,,해당,,,
EMP1934,86,B,A,A,C,C,ADsP,,해당,MVP,,
EMP1935,74,C,B,D,D,C,빅데이터분석기사,814.0,해당,MVP,,
EMP1936,74,B,C,C,C,B,리눅스마스터,,해당,,,
EMP1937,78,C,C,C,B,C,,,비해당,,,
EMP1938,92,B,S,A,A,A,빅데이터분석기사,688.0,해당,,,
EMP1939,70,C,B,C,C,D,빅데이터분석기사,834.0,해당,,,
EMP1940,84,B,B,B,C,B,빅데이터분석기사,,해당,,,
EMP1941,86,B,B,B,B,A,SQLD,552.0,해당,공로상,,
EMP1942,85,B,A,B,B,B,AWS Solutions Architect,954.0,해당,,,
EMP1943,68,C,C,D,C,B,,799.0,비해당,,,
EMP1944,81,B,B,B,B,B,정보보안기사,,해당,공로상,,
EMP1945,73,D,C,C,B,B,리눅스마스터,,해당,,,
EMP1946,70,C,C,B,C,C,,603.0,비해당,,,
EMP1947,66,D,B,C,C,D,정보처리기사,804.0,해당,,,
EMP1948,72,C,B,C,C,C,,690.0,비해당,,,
EMP1949,82,B,A,A,A,A,정보처리기사,795.0,해당,,,
EMP1950,63,C,D,C,D,C,SQLD,734.0,해당,,,
EMP1951,71,C,B,C,D,D,컴퓨터활용능력1급,956.0,해당,팀워크상,,
EMP1952,89,A,A,A,A,A,,,비해당,,,
EMP1953,74,C,B,B,B,B,,507.0,비해당,,,
EMP1954,89,A,A,B,A,A,,,비해당,,,
EMP1955,75,B,B,B,B,C,,988.0,비해당,,감봉,복무규정위반
EMP1956,82,B,B,B,B,A,SQLD,761.0,해당,MVP,,
EMP1957,82,B,B,C,B,B,,,비해당,,,
EMP1958,89,S,A,S,A,A,리눅스마스터,850.0,해당,,,
EMP1959,93,A,A,S,B,A,,775.0,비해당,,,
EMP1960,84,B,B,B,C,A,SQLD,892.0,해당,,,
EMP1961,81,B,B,B,B,B,AWS Solutions Architect,924.0,해당,,,
EMP1962,75,B,C,C,B,B,리눅스마스터,507.0,해당,,,
EMP1963,61,D,C,C,C,D,AWS Solutions Architect,,해당,,,
EMP1964,74,C,B,C,C,C,,,비해당,,,
EMP1965,84,B,B,B,B,B,,818.0,비해당,,,
EMP1966,94,B,B,A,A,A,ADsP,,해당,,,
EMP1967,71,C,C,C,C,D,ADsP,862.0,해당,,,
EMP1968,77,B,D,B,B,D,,934.0,비해당,,,
EMP1969,73,B,B,C,C,B,정보처리기사,810.0,해당,,,
EMP1970,74,B,B,B,C,B,SQLD,,해당,,,
EMP1971,84,B,A,B,A,B,AWS Solutions Architect,849.0,해당,,,
EMP1972,70,C,C,C,B,B,,,비해당,팀워크상,,
EMP1973,73,C,C,B,C,C,정보보안기사,,해당,,,
EMP1974,72,B,C,B,C,B,,,비해당,,,
EMP1975,80,B,B,B,B,B,,938.0,비해당,,,
EMP1976,82,B,B,C,B,A,ADsP,625.0,해당,,,
EMP1977,67,C,C,B,D,C,,,비해당,,,
EMP1978,95,A,A,S,A,A,,591.0,비해당,,,
EMP1979,71,D,C,C,C,C,,870.0,비해당,,,
EMP1980,75,B,C,C,B,B,,651.0,비해당,,,
EMP1981,79,B,B,C,B,B,,,비해당,MVP,,
EMP1982,74,B,B,B,D,B,AWS Solutions Architect,507.0,해당,,,
EMP1983,72,D,C,B,B,C,AWS Solutions Architect,,해당,,,
EMP1984,65,C,B,B,B,B,,,비해당,,,
EMP1985,70,B,C,C,C,C,빅데이터분석기사,,해당,,,
EMP1986,78,B,C,B,B,B,,515.0,비해당,,,
EMP1987,74,C,B,B,C,C,SQLD,747.0,해당,,,
EMP1988,74,B,B,C,C,B,ADsP,529.0,해당,,,
EMP1989,70,C,C,C,C,C,,575.0,비해당,,,
EMP1990,72,B,B,B,B,B,빅데이터분석기사,520.0,해당,,,
EMP1991,71,C,D,C,D,D,빅데이터분석기사,791.0,해당,,,
EMP1992,87,B,B,B,B,B,리눅스마스터,,해당,우수사원상,,
EMP1993,77,C,B,B,B,B,ADsP,911.0,해당,,,
EMP1994,73,C,C,B,C,B,,656.0,비해당,MVP,,
EMP1995,72,C,C,B,B,C,,659.0,비해당,,,
EMP1996,79,C,B,B,D,C,빅데이터분석기사,574.0,해당,,,
EMP1997,75,B,B,C,C,C,,664.0,비해당,,,
EMP1998,71,C,C,C,C,B,컴퓨터활용능력1급,966.0,해당,MVP,,
EMP1999,65,C,D,C,C,B,,868.0,비해당,,,
EMP2000,80,B,B,B,B,B,컴퓨터활용능력1급,622.0,해당,,,
